family,Genus,species name,map_id_spp,IUCN red list category,IUCN_category_value,degree of restriction,weight_final,weight_standarized
Fabaceae,Abarema,Abarema cochliacarpos,spp 0431,,3,59.05,177.15,0.355
Malvaceae,Abutilon,Abutilon andrieuxii,spp 0308,,3,60.75,182.25,0.365
Malvaceae,Abutilon,Abutilon densiflorum,spp 0320,Least Concern,1,58.21,58.21,0.117
Malvaceae,Abutilon,Abutilon giganteum,spp 0310,Endangered,4,57.02,228.08,0.457
Malvaceae,Abutilon,Abutilon grandifolium,spp 0311,Least Concern,1,21.85,21.85,0.044
Malvaceae,Abutilon,Abutilon ibarrense,spp 0312,Least Concern,1,70.83,70.83,0.142
Fabaceae,Acacia,Acacia dealbata,spp 0439,,3,23.33,69.99,0.14
Fabaceae,Acacia,Acacia floribunda,spp 0930,Least Concern,1,86.58,86.58,0.174
Fabaceae,Acaciella,Acaciella angustissima,spp 0442,Least Concern,1,13.9,13.9,0.028
Fabaceae,Acaciella,Acaciella goldmanii,spp 0443,Least Concern,1,74.84,74.84,0.15
Fabaceae,Acaciella,Acaciella igualensis,spp 0444,Least Concern,1,60.37,60.37,0.121
Fabaceae,Acaciella,Acaciella villosa,spp 0445,Least Concern,1,77.87,77.87,0.156
Cactaceae,Acanthocereus,Acanthocereus fosterianus,spp 0084,Least Concern,1,90.11,90.11,0.181
Cactaceae,Acanthocereus,Acanthocereus hirschtianus,spp 0085,,3,99.61,298.83,0.599
Cactaceae,Acanthocereus,Acanthocereus tetragonus,spp 0086,Least Concern,1,59.99,59.99,0.12
Fabaceae,Acosmium,Acosmium cardenasii,spp 0446,Least Concern,1,33.85,33.85,0.068
Fabaceae,Albizia,Albizia carbonaria,spp 0455,Least Concern,1,18.66,18.66,0.037
Fabaceae,Albizia,Albizia multiflora,spp 0459,Least Concern,1,81.38,81.38,0.163
Fabaceae,Albizia,Albizia occidentalis,spp 0461,Least Concern,1,59.54,59.54,0.119
Fabaceae,Albizia,Albizia pistaciifolia,spp 0463,,3,29.3,87.9,0.176
Fabaceae,Albizia,Albizia polycephala,spp 0464,,3,53.87,161.61,0.324
Fabaceae,Amburana,Amburana cearensis,spp 0470,Endangered,4,56.57,226.28,0.453
Fabaceae,Anadenanthera,Anadenanthera colubrina,spp 0471,Least Concern,1,39.05,39.05,0.078
Fabaceae,Anadenanthera,Anadenanthera peregrina,spp 0473,Least Concern,1,27.97,27.97,0.056
Fabaceae,Andira,Andira anthelmia,spp 0474,Least Concern,1,26.09,26.09,0.052
Fabaceae,Andira,Andira cordata,spp 0475,Least Concern,1,33.65,33.65,0.067
Fabaceae,Andira,Andira cujabensis,spp 0476,Least Concern,1,13.88,13.88,0.028
Fabaceae,Andira,Andira fraxinifolia,spp 0477,Least Concern,1,34.15,34.15,0.068
Fabaceae,Andira,Andira humilis,spp 0478,Near Threatened,2,29.84,59.68,0.12
Fabaceae,Andira,Andira inermis,spp 0479,Least Concern,1,15.48,15.48,0.031
Fabaceae,Andira,Andira legalis,spp 0480,Least Concern,1,28.73,28.73,0.058
Fabaceae,Andira,Andira nitida,spp 0481,Least Concern,1,19.67,19.67,0.039
Fabaceae,Andira,Andira ormosioides,spp 0482,Least Concern,1,36.09,36.09,0.072
Fabaceae,Andira,Andira vermifuga,spp 0484,Least Concern,1,29.77,29.77,0.06
Malvaceae,Apeiba,Apeiba albiflora,spp 0313,Least Concern,1,11.74,11.74,0.024
Fabaceae,Apoplanesia,Apoplanesia paniculata,spp 0485,Least Concern,1,79.58,79.58,0.159
Cactaceae,Aporocactus,Aporocactus flagelliformis,spp 0087,Least Concern,1,20.27,20.27,0.041
Fabaceae,Apuleia,Apuleia leiocarpa,spp 0486,Least Concern,1,20.42,20.42,0.041
Cactaceae,Armatocereus,Armatocereus cartwrightianus,spp 0089,Least Concern,1,97.55,97.55,0.195
Fabaceae,Ateleia,Ateleia gummifera,spp 0487,Least Concern,1,34.57,34.57,0.069
Fabaceae,Ateleia,Ateleia herbert-smithii,spp 0488,Endangered,4,99.17,396.68,0.795
Cactaceae,Austrocylindropuntia,Austrocylindropuntia subulata,spp 0092,Least Concern,1,26.47,26.47,0.053
Malvaceae,Ayenia,Ayenia corchorifolia,spp 0323,,3,83.15,249.45,0.5
Malvaceae,Ayenia,Ayenia geminifolia,spp 0322,Least Concern,1,15.36,15.36,0.031
Malvaceae,Ayenia,Ayenia magna,spp 0316,Least Concern,1,65.36,65.36,0.131
Malvaceae,Ayenia,Ayenia micrantha,spp 0317,Least Concern,1,87.05,87.05,0.174
Malvaceae,Ayenia,Ayenia tomentosa,spp 0318,Least Concern,1,49.22,49.22,0.099
Malvaceae,Bakeridesia,Bakeridesia bakeriana,spp 0319,Endangered,4,54.6,218.4,0.438
Fabaceae,Balizia,Balizia pedicellaris,spp 0462,,3,28.12,84.36,0.169
Fabaceae,Barnebydendron,Barnebydendron riedelii,spp 0489,Vulnerable,3,27.1,81.3,0.163
Fabaceae,Bauhinia,Bauhinia aculeata,spp 0491,Least Concern,1,48.55,48.55,0.097
Fabaceae,Bauhinia,Bauhinia acuruana,spp 0492,Least Concern,1,52.77,52.77,0.106
Fabaceae,Bauhinia,Bauhinia bauhinioides,spp 0493,Vulnerable,3,62.62,187.86,0.376
Fabaceae,Bauhinia,Bauhinia bombaciflora,spp 0494,Least Concern,1,12.27,12.27,0.025
Fabaceae,Bauhinia,Bauhinia brevipes,spp 0495,Endangered,4,24.05,96.2,0.193
Fabaceae,Bauhinia,Bauhinia catingae,spp 0496,Least Concern,1,94.7,94.7,0.19
Fabaceae,Bauhinia,Bauhinia cheilantha,spp 0497,Near Threatened,2,87.43,174.86,0.35
Fabaceae,Bauhinia,Bauhinia cookii,spp 0498,Least Concern,1,61.51,61.51,0.123
Fabaceae,Bauhinia,Bauhinia corniculata,spp 0499,Vulnerable,3,16.39,49.17,0.099
Fabaceae,Bauhinia,Bauhinia cupulata,spp 0500,Least Concern,1,11.84,11.84,0.024
Fabaceae,Bauhinia,Bauhinia divaricata,spp 0501,Near Threatened,2,46.72,93.44,0.187
Fabaceae,Bauhinia,Bauhinia dubia,spp 0502,Least Concern,1,34.98,34.98,0.07
Fabaceae,Bauhinia,Bauhinia forficata,spp 0504,Least Concern,1,36.71,36.71,0.074
Fabaceae,Bauhinia,Bauhinia longifolia,spp 0508,Least Concern,1,29.66,29.66,0.059
Fabaceae,Bauhinia,Bauhinia membranacea,spp 0509,Least Concern,1,29.45,29.45,0.059
Fabaceae,Bauhinia,Bauhinia mollis,spp 0510,Least Concern,1,28.35,28.35,0.057
Fabaceae,Bauhinia,Bauhinia ovata,spp 0511,Least Concern,1,10.42,10.42,0.021
Fabaceae,Bauhinia,Bauhinia pauletia,spp 0512,Least Concern,1,69.46,69.46,0.139
Fabaceae,Bauhinia,Bauhinia pentandra,spp 0513,Least Concern,1,66.63,66.63,0.134
Fabaceae,Bauhinia,Bauhinia petiolata,spp 0514,Least Concern,1,37.47,37.47,0.075
Fabaceae,Bauhinia,Bauhinia picta,spp 0515,Least Concern,1,18.01,18.01,0.036
Fabaceae,Bauhinia,Bauhinia platypetala,spp 0516,Least Concern,1,16.87,16.87,0.034
Fabaceae,Bauhinia,Bauhinia pringlei,spp 0517,Least Concern,1,75.64,75.64,0.152
Fabaceae,Bauhinia,Bauhinia pulchella,spp 0518,Least Concern,1,34.81,34.81,0.07
Fabaceae,Bauhinia,Bauhinia purpurea,spp 0519,Least Concern,1,30.67,30.67,0.061
Fabaceae,Bauhinia,Bauhinia rufa,spp 0520,Least Concern,1,21.48,21.48,0.043
Fabaceae,Bauhinia,Bauhinia seleriana,spp 0521,Least Concern,1,70.06,70.06,0.14
Fabaceae,Bauhinia,Bauhinia subclavata,spp 0522,Least Concern,1,98.2,98.2,0.197
Fabaceae,Bauhinia,Bauhinia subrotundifolia,spp 0523,Least Concern,1,98.28,98.28,0.197
Fabaceae,Bauhinia,Bauhinia ungulata,spp 0524,Least Concern,1,27.43,27.43,0.055
Malvaceae,Bernoullia,Bernoullia flammea,spp 0321,Least Concern,1,32.45,32.45,0.065
Fabaceae,Blanchetiodendron,Blanchetiodendron blanchetii,spp 0525,Least Concern,1,95.54,95.54,0.191
Malvaceae,Bombax,Bombax ceiba,spp 0383,Least Concern,1,79.77,79.77,0.16
Fabaceae,Bowdichia,Bowdichia virgilioides,spp 0527,Least Concern,1,37.23,37.23,0.075
Cactaceae,Brasiliopuntia,Brasiliopuntia brasiliensis,spp 0093,Least Concern,1,58.49,58.49,0.117
Fabaceae,Brodriguesia,Brodriguesia santosii,spp 0528,Near Threatened,2,34.25,68.5,0.137
Fabaceae,Brongniartia,Brongniartia alamosana,spp 0529,Least Concern,1,68.14,68.14,0.137
Fabaceae,Brownea,Brownea coccinea,spp 0531,Least Concern,1,22.19,22.19,0.044
Fabaceae,Caesalpinia,Caesalpinia cacalaco,spp 0535,Least Concern,1,74.11,74.11,0.149
Fabaceae,Caesalpinia,Caesalpinia cassioides,spp 0537,Least Concern,1,55.93,55.93,0.112
Fabaceae,Calliandra,Calliandra aeschynomenoides,spp 0549,Least Concern,1,100,100,0.2
Fabaceae,Calliandra,Calliandra asplenioides,spp 0550,Least Concern,1,83.58,83.58,0.167
Fabaceae,Calliandra,Calliandra bella,spp 0551,,3,34.08,102.24,0.205
Fabaceae,Calliandra,Calliandra bijuga,spp 0552,Least Concern,1,73.06,73.06,0.146
Fabaceae,Calliandra,Calliandra caeciliae,spp 0554,Least Concern,1,82.94,82.94,0.166
Fabaceae,Calliandra,Calliandra calycina,spp 0555,Least Concern,1,99.7,99.7,0.2
Fabaceae,Calliandra,Calliandra elegans,spp 0556,Least Concern,1,99.83,99.83,0.2
Fabaceae,Calliandra,Calliandra erubescens,spp 0557,,3,100,300,0.601
Fabaceae,Calliandra,Calliandra foliolosa,spp 0558,Least Concern,1,55.8,55.8,0.112
Fabaceae,Calliandra,Calliandra haematocephala,spp 0559,Least Concern,1,20.57,20.57,0.041
Fabaceae,Calliandra,Calliandra houstoniana,spp 0560,Least Concern,1,62.61,62.61,0.125
Fabaceae,Calliandra,Calliandra magdalenae,spp 0561,Least Concern,1,52.81,52.81,0.106
Fabaceae,Calliandra,Calliandra selloi,spp 0553,Least Concern,1,36.97,36.97,0.074
Fabaceae,Calliandra,Calliandra tergemina,spp 0563,Least Concern,1,68.28,68.28,0.137
Fabaceae,Calliandra,Calliandra tweedii,spp 0564,Least Concern,1,92.11,92.11,0.185
Malvaceae,Callianthe,Callianthe geminiflora,spp 0325,Least Concern,1,44.58,44.58,0.089
Cactaceae,Carnegiea,Carnegiea gigantea,spp 0094,Least Concern,1,23.33,23.33,0.047
Fabaceae,Cassia,Cassia ferruginea,spp 0566,Least Concern,1,34.45,34.45,0.069
Fabaceae,Cassia,Cassia grandis,spp 0568,Least Concern,1,17.96,17.96,0.036
Fabaceae,Cassia,Cassia hintonii,spp 0569,Near Threatened,2,95.69,191.38,0.384
Fabaceae,Cassia,Cassia leptophylla,spp 0571,Least Concern,1,38.77,38.77,0.078
Malvaceae,Cavanillesia,Cavanillesia platanifolia,spp 0327,Least Concern,1,48.52,48.52,0.097
Malvaceae,Cavanillesia,Cavanillesia umbellata,spp 0328,Least Concern,1,33.18,33.18,0.066
Malvaceae,Ceiba,Ceiba aesculifolia,spp 0329,Least Concern,1,57.34,57.34,0.115
Malvaceae,Ceiba,Ceiba boliviana,spp 0331,Least Concern,1,70.89,70.89,0.142
Malvaceae,Ceiba,Ceiba chodatii,spp 0332,Least Concern,1,26.19,26.19,0.052
Malvaceae,Ceiba,Ceiba erianthos,spp 0333,Least Concern,1,66.83,66.83,0.134
Malvaceae,Ceiba,Ceiba glaziovii,spp 0334,Least Concern,1,99.5,99.5,0.199
Malvaceae,Ceiba,Ceiba insignis,spp 0335,,3,33.58,100.74,0.202
Malvaceae,Ceiba,Ceiba pentandra,spp 0336,Least Concern,1,18.12,18.12,0.036
Malvaceae,Ceiba,Ceiba pubiflora,spp 0337,Least Concern,1,44.93,44.93,0.09
Malvaceae,Ceiba,Ceiba schottii,spp 0338,Least Concern,1,77.28,77.28,0.155
Malvaceae,Ceiba,Ceiba speciosa,spp 0339,Least Concern,1,13.95,13.95,0.028
Malvaceae,Ceiba,Ceiba trischistandra,spp 0340,Least Concern,1,98.16,98.16,0.197
Fabaceae,Cenostigma,Cenostigma eriostachys,spp 0539,Least Concern,1,87.22,87.22,0.175
Fabaceae,Cenostigma,Cenostigma gaumeri,spp 0541,Least Concern,1,50.29,50.29,0.101
Fabaceae,Cenostigma,Cenostigma macrophyllum,spp 0573,Least Concern,1,36.65,36.65,0.073
Fabaceae,Cenostigma,Cenostigma microphyllum,spp 1032,Least Concern,1,100,100,0.2
Fabaceae,Cenostigma,Cenostigma pluviosum,spp 0574,Least Concern,1,45.08,45.08,0.09
Fabaceae,Cenostigma,Cenostigma pyramidale,spp 1034,Least Concern,1,96.6,96.6,0.194
Fabaceae,Centrolobium,Centrolobium tomentosum,spp 0576,Least Concern,1,18.61,18.61,0.037
Cactaceae,Cephalocereus,Cephalocereus euphorbioides,spp 0197,Least Concern,1,16.9,16.9,0.034
Cactaceae,Cephalocereus,Cephalocereus mezcalaensis,spp 0198,Least Concern,1,75.69,75.69,0.152
Cactaceae,Cephalocereus,Cephalocereus scoparius,spp 0200,Least Concern,1,67.88,67.88,0.136
Cactaceae,Cephalocereus,Cephalocereus tetetzo,spp 0201,Least Concern,1,73.45,73.45,0.147
Cactaceae,Cereus,Cereus fernambucensis,spp 0095,Least Concern,1,19.48,19.48,0.039
Cactaceae,Cereus,Cereus hankeanus,spp 0096,Least Concern,1,79.7,79.7,0.16
Cactaceae,Cereus,Cereus jamacaru,spp 0097,Least Concern,1,77.12,77.12,0.155
Cactaceae,Cereus,Cereus stenogonus,spp 0098,Least Concern,1,63.07,63.07,0.126
Fabaceae,Chamaecrista,Chamaecrista bahiae,spp 0578,Least Concern,1,12.14,12.14,0.024
Fabaceae,Chamaecrista,Chamaecrista blanchetii,spp 0579,Least Concern,1,100,100,0.2
Fabaceae,Chamaecrista,Chamaecrista ensiformis,spp 0581,Least Concern,1,21.46,21.46,0.043
Fabaceae,Chamaecrista,Chamaecrista glandulosa,spp 0582,Least Concern,1,60.62,60.62,0.121
Fabaceae,Chamaecrista,Chamaecrista zygophylloides,spp 0583,Least Concern,1,99.23,99.23,0.199
Fabaceae,Chloroleucon,Chloroleucon dumosum,spp 0586,Vulnerable,3,89.18,267.54,0.536
Fabaceae,Chloroleucon,Chloroleucon foliolosum,spp 0587,Least Concern,1,53.99,53.99,0.108
Fabaceae,Chloroleucon,Chloroleucon mangense,spp 0588,Least Concern,1,49.32,49.32,0.099
Fabaceae,Chloroleucon,Chloroleucon tenuiflorum,spp 0591,Least Concern,1,40.92,40.92,0.082
Cactaceae,Cleistocactus,Cleistocactus baumannii,spp 0099,Least Concern,1,32.62,32.62,0.065
Fabaceae,Clitoria,Clitoria dendrina,spp 0594,Least Concern,1,15.39,15.39,0.031
Cactaceae,Cochemiea,Cochemiea albicans ,spp 0151,Least Concern,1,85.44,85.44,0.171
Cactaceae,Cochemiea,Cochemiea dioica ,spp 0158,Near Threatened,2,55.56,111.12,0.223
Cactaceae,Cochemiea,Cochemiea grahamii ,spp 0164,Least Concern,1,29.15,29.15,0.058
Cactaceae,Cochemiea,Cochemiea mazatlanensis ,spp 0170,Least Concern,1,90.82,90.82,0.182
Cactaceae,Cochemiea,Cochemiea phitauiana ,spp 0175,Least Concern,1,72.35,72.35,0.145
Fabaceae,Cojoba,Cojoba arborea,spp 0596,Least Concern,1,30.87,30.87,0.062
Fabaceae,Cojoba,Cojoba rufescens,spp 0598,Least Concern,1,21.09,21.09,0.042
Fabaceae,Conzattia,Conzattia multiflora,spp 0599,Vulnerable,3,57.13,171.39,0.343
Fabaceae,Copaifera,Copaifera aromatica,spp 0600,Least Concern,1,26.2,26.2,0.053
Fabaceae,Copaifera,Copaifera coriacea,spp 0601,Vulnerable,3,26.2,78.6,0.158
Fabaceae,Copaifera,Copaifera duckei,spp 0602,Least Concern,1,59.6,59.6,0.119
Fabaceae,Copaifera,Copaifera elliptica,spp 0603,Least Concern,1,26.11,26.11,0.052
Fabaceae,Copaifera,Copaifera langsdorffii,spp 0604,Least Concern,1,37.83,37.83,0.076
Fabaceae,Copaifera,Copaifera lucens,spp 0605,Least Concern,1,31.87,31.87,0.064
Fabaceae,Copaifera,Copaifera luetzelburgii,spp 0606,Least Concern,1,59.44,59.44,0.119
Fabaceae,Copaifera,Copaifera malmei,spp 0607,Least Concern,1,12.74,12.74,0.026
Fabaceae,Copaifera,Copaifera martii,spp 0608,Least Concern,1,32.19,32.19,0.065
Fabaceae,Copaifera,Copaifera sabulicola,spp 0614,Least Concern,1,67.44,67.44,0.135
Cactaceae,Coryphantha,Coryphantha elephantidens,spp 0100,Least Concern,1,39.34,39.34,0.079
Cactaceae,Coryphantha,Coryphantha pallida,spp 0101,Least Concern,1,39.52,39.52,0.079
Fabaceae,Coulteria,Coulteria cubensis,spp 0616,Near Threatened,2,65.48,130.96,0.262
Fabaceae,Coulteria,Coulteria mollis,spp 0543,Data Deficient,3,62.24,186.72,0.374
Fabaceae,Coulteria,Coulteria platyloba,spp 0545,Least Concern,1,86.44,86.44,0.173
Fabaceae,Coulteria,Coulteria velutina,spp 0547,Least Concern,1,93.76,93.76,0.188
Fabaceae,Coursetia,Coursetia brachyrhachis,spp 0617,Vulnerable,3,72.04,216.12,0.433
Fabaceae,Coursetia,Coursetia caribaea,spp 0618,Least Concern,1,51.64,51.64,0.103
Fabaceae,Coursetia,Coursetia ferruginea,spp 0620,Near Threatened,2,21.58,43.16,0.086
Fabaceae,Coursetia,Coursetia glandulosa,spp 0621,Least Concern,1,54.23,54.23,0.109
Fabaceae,Coursetia,Coursetia hassleri,spp 0622,,3,27.14,81.42,0.163
Fabaceae,Coursetia,Coursetia mollis,spp 0623,Least Concern,1,85.86,85.86,0.172
Fabaceae,Coursetia,Coursetia rostrata,spp 0624,Least Concern,1,99.12,99.12,0.199
Capparaceae,Crateva,Crateva palmeri,spp 0056,Least Concern,1,87,87,0.174
Capparaceae,Crateva,Crateva tapia,spp 0057,Least Concern,1,38.55,38.55,0.077
Fabaceae,Ctenodon,Ctenodon compactus,spp 0451,Least Concern,1,72.19,72.19,0.145
Fabaceae,Ctenodon,Ctenodon mucronulatus,spp 0450,Least Concern,1,73.13,73.13,0.147
Fabaceae,Ctenodon,Ctenodon niveus,spp 0452,Least Concern,1,79.6,79.6,0.16
Fabaceae,Ctenodon,Ctenodon vigil,spp 0453,Vulnerable,3,94.01,282.03,0.565
Fabaceae,Cyclolobium,Cyclolobium brasiliense,spp 0625,Least Concern,1,32.38,32.38,0.065
Cactaceae,Cylindropuntia,Cylindropuntia alcahes,spp 0103,Least Concern,1,59.09,59.09,0.118
Cactaceae,Cylindropuntia,Cylindropuntia cholla,spp 0104,Least Concern,1,73.28,73.28,0.147
Cactaceae,Cylindropuntia,Cylindropuntia fulgida,spp 0106,Least Concern,1,11.51,11.51,0.023
Cactaceae,Cylindropuntia,Cylindropuntia thurberi,spp 0111,Least Concern,1,75.75,75.75,0.152
Cactaceae,Cylindropuntia,Cylindropuntia waltoniorum,spp 0114,Least Concern,1,61.69,61.69,0.124
Fabaceae,Cynometra,Cynometra oaxacana,spp 0627,Near Threatened,2,89.06,178.12,0.357
Fabaceae,Dahlstedtia,Dahlstedtia araripensis,spp 0628,Least Concern,1,72.53,72.53,0.145
Fabaceae,Dahlstedtia,Dahlstedtia floribunda,spp 0629,Least Concern,1,27.52,27.52,0.055
Fabaceae,Dahlstedtia,Dahlstedtia muehlbergiana,spp 0630,Least Concern,1,50.72,50.72,0.102
Fabaceae,Dalbergia,Dalbergia acuta,spp 0633,Least Concern,1,58.88,58.88,0.118
Fabaceae,Dalbergia,Dalbergia brasiliensis,spp 0634,Vulnerable,3,11.42,34.26,0.069
Fabaceae,Dalbergia,Dalbergia brownei,spp 0635,Least Concern,1,29.06,29.06,0.058
Fabaceae,Dalbergia,Dalbergia cearensis,spp 0636,Near Threatened,2,89.81,179.62,0.36
Fabaceae,Dalbergia,Dalbergia congestiflora,spp 0637,Endangered,4,86.56,346.24,0.694
Fabaceae,Dalbergia,Dalbergia foliolosa,spp 0638,Near Threatened,2,14.84,29.68,0.059
Fabaceae,Dalbergia,Dalbergia frutescens,spp 0639,Least Concern,1,36.09,36.09,0.072
Fabaceae,Dalbergia,Dalbergia glabra,spp 0640,Least Concern,1,42.72,42.72,0.086
Fabaceae,Dalbergia,Dalbergia granadillo,spp 0641,Critically Endangered,5,89.23,446.15,0.894
Fabaceae,Dalbergia,Dalbergia miscolobium,spp 0643,Least Concern,1,33.6,33.6,0.067
Fabaceae,Dalbergia,Dalbergia nigra,spp 0644,Vulnerable,3,16.7,50.1,0.1
Fabaceae,Dalbergia,Dalbergia retusa,spp 0645,Critically Endangered,5,73.65,368.25,0.738
Fabaceae,Dalea,Dalea ayavacensis,spp 0648,Least Concern,1,38.12,38.12,0.076
Fabaceae,Dalea,Dalea carthagenensis,spp 0649,,3,50.56,151.68,0.304
Fabaceae,Dalea,Dalea cylindrica,spp 0650,Least Concern,1,27.36,27.36,0.055
Fabaceae,Dalea,Dalea pazensis,spp 0651,,3,57.78,173.34,0.347
Cactaceae,Deamia,Deamia testudo,spp 0115,Least Concern,1,30.26,30.26,0.061
Fabaceae,Diphysa,Diphysa americana,spp 0656,Least Concern,1,48.32,48.32,0.097
Fabaceae,Diphysa,Diphysa carthagenensis,spp 0657,Least Concern,1,63.7,63.7,0.128
Fabaceae,Diphysa,Diphysa floribunda,spp 0658,Least Concern,1,60.23,60.23,0.121
Fabaceae,Diphysa,Diphysa occidentalis,spp 0659,Least Concern,1,61.76,61.76,0.124
Fabaceae,Diphysa,Diphysa puberulenta,spp 0660,Least Concern,1,58.15,58.15,0.117
Fabaceae,Diphysa,Diphysa racemosa,spp 0661,Least Concern,1,62.49,62.49,0.125
Fabaceae,Diphysa,Diphysa spinosa,spp 0662,Least Concern,1,64.68,64.68,0.13
Fabaceae,Diplotropis,Diplotropis ferruginea,spp 0663,Least Concern,1,73,73,0.146
Fabaceae,Diplotropis,Diplotropis incexis,spp 0664,Least Concern,1,24.85,24.85,0.05
Fabaceae,Dipteryx,Dipteryx alata,spp 0666,Vulnerable,3,18.58,55.74,0.112
Fabaceae,Dipteryx,Dipteryx lacunifera,spp 0667,Least Concern,1,38.46,38.46,0.077
Fabaceae,Diptychandra,Diptychandra aurantiaca,spp 0669,Least Concern,1,36.49,36.49,0.073
Cactaceae,Disocactus,Disocactus ackermannii,spp 0117,Least Concern,1,28.59,28.59,0.057
Cactaceae,Disocactus,Disocactus anguliger,spp 0118,Least Concern,1,29.42,29.42,0.059
Cactaceae,Disocactus,Disocactus crenatus,spp 0119,Near Threatened,2,40.27,80.54,0.161
Cactaceae,Disocactus,Disocactus lepidocarpus,spp 0120,,3,38.65,115.95,0.232
Cactaceae,Disocactus,Disocactus macdougallii,spp 0121,Endangered,4,26.67,106.68,0.214
Cactaceae,Disocactus,Disocactus macranthus,spp 0122,Least Concern,1,28.76,28.76,0.058
Cactaceae,Disocactus,Disocactus nelsonii,spp 0123,Least Concern,1,43.74,43.74,0.088
Cactaceae,Disocactus,Disocactus speciosus,spp 0124,Least Concern,1,34.84,34.84,0.07
Cactaceae,Echinocereus,Echinocereus brandegeei,spp 0128,Least Concern,1,78.48,78.48,0.157
Cactaceae,Echinocereus,Echinocereus scheeri,spp 0132,Least Concern,1,21.16,21.16,0.042
Cactaceae,Echinocereus,Echinocereus stolonifer ,spp 0133,,3,23.27,69.81,0.14
Fabaceae,Enterolobium,Enterolobium contortisiliquum,spp 0670,Least Concern,1,34.73,34.73,0.07
Fabaceae,Enterolobium,Enterolobium cyclocarpum,spp 0671,Least Concern,1,39.15,39.15,0.078
Fabaceae,Enterolobium,Enterolobium gummiferum,spp 0672,Least Concern,1,25.15,25.15,0.05
Malvaceae,Eriotheca,Eriotheca gracilipes,spp 0341,Least Concern,1,15.04,15.04,0.03
Malvaceae,Eriotheca,Eriotheca macrophylla,spp 0342,Least Concern,1,16.24,16.24,0.033
Fabaceae,Erythrina,Erythrina americana,spp 0676,Least Concern,1,37.9,37.9,0.076
Fabaceae,Erythrina,Erythrina berteroana,spp 0677,Least Concern,1,32.86,32.86,0.066
Fabaceae,Erythrina,Erythrina breviflora,spp 0678,Least Concern,1,29.45,29.45,0.059
Fabaceae,Erythrina,Erythrina chiapasana,spp 0679,Least Concern,1,48.37,48.37,0.097
Fabaceae,Erythrina,Erythrina crista-galli,spp 0680,Least Concern,1,24.41,24.41,0.049
Fabaceae,Erythrina,Erythrina falcata,spp 0682,Least Concern,1,35.11,35.11,0.07
Fabaceae,Erythrina,Erythrina flabelliformis,spp 0683,Least Concern,1,25.21,25.21,0.051
Fabaceae,Erythrina,Erythrina folkersii,spp 0684,Least Concern,1,12.53,12.53,0.025
Fabaceae,Erythrina,Erythrina fusca,spp 0685,Least Concern,1,13,13,0.026
Fabaceae,Erythrina,Erythrina goldmanii,spp 0686,Least Concern,1,71.08,71.08,0.142
Fabaceae,Erythrina,Erythrina lanata,spp 0687,Least Concern,1,71.22,71.22,0.143
Fabaceae,Erythrina,Erythrina mulungu,spp 0681,,3,16.42,49.26,0.099
Fabaceae,Erythrina,Erythrina poeppigiana,spp 0689,Least Concern,1,18.32,18.32,0.037
Fabaceae,Erythrina,Erythrina smithiana,spp 0690,Least Concern,1,50.78,50.78,0.102
Fabaceae,Erythrina,Erythrina speciosa,spp 0691,Least Concern,1,14.59,14.59,0.029
Fabaceae,Erythrina,Erythrina standleyana,spp 0692,Least Concern,1,43.3,43.3,0.087
Fabaceae,Erythrina,Erythrina velutina,spp 0694,Least Concern,1,82.22,82.22,0.165
Fabaceae,Erythrostemon,Erythrostemon caladenia ,spp 0536,Least Concern,1,88.21,88.21,0.177
Fabaceae,Erythrostemon,Erythrostemon calycinus,spp 0696,Least Concern,1,99.98,99.98,0.2
Fabaceae,Erythrostemon,Erythrostemon coccineus,spp 0538,Endangered,4,97.46,389.84,0.781
Fabaceae,Erythrostemon,Erythrostemon exostemma,spp 0697,Least Concern,1,88,88,0.176
Fabaceae,Erythrostemon,Erythrostemon mexicanus,spp 0542,Least Concern,1,24.34,24.34,0.049
Fabaceae,Erythrostemon,Erythrostemon palmeri,spp 0544,Least Concern,1,91.71,91.71,0.184
Fabaceae,Erythrostemon,Erythrostemon yucatanensis,spp 0548,Least Concern,1,54.39,54.39,0.109
Cactaceae,Escontria,Escontria chiotilla,spp 0137,Least Concern,1,67.52,67.52,0.135
Fabaceae,Exostyles,Exostyles venusta,spp 0699,Least Concern,1,21.62,21.62,0.043
Fabaceae,Eysenhardtia,Eysenhardtia adenostylis,spp 0700,Least Concern,1,70.76,70.76,0.142
Fabaceae,Eysenhardtia,Eysenhardtia orthocarpa,spp 0701,Least Concern,1,29.1,29.1,0.058
Fabaceae,Eysenhardtia,Eysenhardtia platycarpa,spp 0702,Least Concern,1,50.4,50.4,0.101
Fabaceae,Eysenhardtia,Eysenhardtia polystachya,spp 0703,Least Concern,1,28.95,28.95,0.058
Fabaceae,Eysenhardtia,Eysenhardtia punctata,spp 0704,Least Concern,1,39.01,39.01,0.078
Cactaceae,Ferocactus,Ferocactus emoryi,spp 0138,Least Concern,1,57.36,57.36,0.115
Cactaceae,Ferocactus,Ferocactus macrodiscus,spp 0142,Vulnerable,3,24.25,72.75,0.146
Cactaceae,Ferocactus,Ferocactus peninsulae,spp 0143,Least Concern,1,74.85,74.85,0.15
Cactaceae,Ferocactus,Ferocactus recurvus ,spp 0141,,3,11.55,34.65,0.069
Cactaceae,Ferocactus,Ferocactus robustus,spp 0144,Vulnerable,3,34.72,104.16,0.209
Cactaceae,Ferocactus,Ferocactus wislizenii,spp 0145,Least Concern,1,41.33,41.33,0.083
Fabaceae,Geoffroea,Geoffroea decorticans,spp 0706,Least Concern,1,10.36,10.36,0.021
Fabaceae,Geoffroea,Geoffroea spinosa,spp 0707,Least Concern,1,54.98,54.98,0.11
Fabaceae,Gleditsia,Gleditsia amorphoides,spp 0708,Least Concern,1,51.29,51.29,0.103
Fabaceae,Gliricidia,Gliricidia brenningii,spp 0709,Least Concern,1,71.03,71.03,0.142
Fabaceae,Gliricidia,Gliricidia sepium,spp 0710,Least Concern,1,41.57,41.57,0.083
Fabaceae,Goniorrhachis,Goniorrhachis marginata,spp 0711,Least Concern,1,83.67,83.67,0.168
Fabaceae,Gretheria,Gretheria campylacantha,spp 0717,,3,93.53,280.59,0.562
Zygophyllaceae,Guaiacum,Guaiacum coulteri,spp 0013,Vulnerable,3,58.96,176.88,0.354
Zygophyllaceae,Guaiacum,Guaiacum officinale,spp 0014,Endangered,4,67.95,271.8,0.545
Zygophyllaceae,Guaiacum,Guaiacum sanctum,spp 0015,Near Threatened,2,48.27,96.54,0.193
Malvaceae,Guazuma,Guazuma ulmifolia,spp 0344,Least Concern,1,24.95,24.95,0.05
Fabaceae,Guilandina,Guilandina bonduc,spp 0712,Least Concern,1,29.06,29.06,0.058
Fabaceae,Gwilymia,Gwilymia coriacea,spp 1145,Least Concern,1,28.31,28.31,0.057
Fabaceae,Haematoxylum,Haematoxylum brasiletto,spp 0713,Least Concern,1,74.28,74.28,0.149
Fabaceae,Haematoxylum,Haematoxylum campechianum,spp 0714,Least Concern,1,33.75,33.75,0.068
Malvaceae,Hampea,Hampea trilobata,spp 0346,Least Concern,1,65.15,65.15,0.131
Cactaceae,Harrisia,Harrisia adscendens,spp 0146,Least Concern,1,99.94,99.94,0.2
Cactaceae,Harrisia,Harrisia pomanensis,spp 0147,Least Concern,1,16.97,16.97,0.034
Fabaceae,Havardia,Havardia acatlensis,spp 0715,Least Concern,1,71.91,71.91,0.144
Fabaceae,Havardia,Havardia albicans,spp 0716,Least Concern,1,47.02,47.02,0.094
Fabaceae,Havardia,Havardia mexicana,spp 0718,Least Concern,1,54.31,54.31,0.109
Fabaceae,Havardia,Havardia pallens,spp 0719,Least Concern,1,24.26,24.26,0.049
Fabaceae,Havardia,Havardia platyloba,spp 1143,Least Concern,1,70.01,70.01,0.14
Malvaceae,Helicteres,Helicteres baruensis,spp 0347,Least Concern,1,67.52,67.52,0.135
Malvaceae,Helicteres,Helicteres eichleri,spp 0349,Least Concern,1,99.93,99.93,0.2
Malvaceae,Helicteres,Helicteres guazumifolia,spp 0350,Least Concern,1,18.92,18.92,0.038
Malvaceae,Helicteres,Helicteres lhotzkyana,spp 0351,Least Concern,1,54.09,54.09,0.108
Malvaceae,Helicteres,Helicteres muscosa,spp 0352,,3,86.35,259.05,0.519
Malvaceae,Helicteres,Helicteres velutina,spp 0353,Least Concern,1,96.29,96.29,0.193
Malvaceae,Heliocarpus,Heliocarpus americanus,spp 0355,Least Concern,1,74.91,74.91,0.15
Malvaceae,Heliocarpus,Heliocarpus terebinthinaceus,spp 0356,Vulnerable,3,81.5,244.5,0.49
Malvaceae,Hibiscus,Hibiscus phoeniceus,spp 0357,Least Concern,1,64,64,0.128
Malvaceae,Hibiscus,Hibiscus rosa-sinensis,spp 0358,Vulnerable,3,15.92,47.76,0.096
Malvaceae,Hibiscus_tiliaceus_var.,Hibiscus tiliaceus var. pernambucensis,spp 0415,Least Concern,1,23.02,23.02,0.046
Malvaceae,Hibiscus,Hibiscus tilliaceus,spp 0416,Least Concern,1,31.61,31.61,0.063
Fabaceae,Holocalyx,Holocalyx balansae,spp 0720,Least Concern,1,51.85,51.85,0.104
Fabaceae,Hymenaea,Hymenaea aurea,spp 0723,Least Concern,1,39.26,39.26,0.079
Fabaceae,Hymenaea,Hymenaea courbaril,spp 0724,Least Concern,1,26.64,26.64,0.053
Fabaceae,Hymenaea,Hymenaea eriogyne,spp 0725,Vulnerable,3,63.63,190.89,0.383
Fabaceae,Hymenaea,Hymenaea martiana,spp 0726,Least Concern,1,53.11,53.11,0.106
Fabaceae,Hymenaea,Hymenaea rubriflora,spp 0728,Least Concern,1,47.89,47.89,0.096
Fabaceae,Hymenaea,Hymenaea stigonocarpa,spp 0729,Least Concern,1,38.03,38.03,0.076
Fabaceae,Hymenaea,Hymenaea velutina,spp 0730,Least Concern,1,76.88,76.88,0.154
Fabaceae,Hymenolobium,Hymenolobium alagoanum,spp 0731,Least Concern,1,19.13,19.13,0.038
Fabaceae,Hymenolobium,Hymenolobium janeirense,spp 0732,Least Concern,1,26.4,26.4,0.053
Fabaceae,Indigofera,Indigofera cuernavacana,spp 0733,Near Threatened,2,80.39,160.78,0.322
Fabaceae,Indigofera,Indigofera palmeri,spp 0734,Least Concern,1,86.62,86.62,0.174
Fabaceae,Indigofera,Indigofera platycarpa,spp 0735,Least Concern,1,93.46,93.46,0.187
Fabaceae,Indigofera,Indigofera thibaudiana,spp 0736,Least Concern,1,50.29,50.29,0.101
Fabaceae,Indigofera,Indigofera trita,spp 0737,Least Concern,1,50.04,50.04,0.1
Fabaceae,Inga,Inga cylindrica,spp 0746,Least Concern,1,10.04,10.04,0.02
Fabaceae,Inga,Inga feuillei,spp 0752,Least Concern,1,41.08,41.08,0.082
Fabaceae,Inga,Inga hayesii,spp 0755,Least Concern,1,29.23,29.23,0.059
Fabaceae,Inga,Inga ingoides,spp 0758,Vulnerable,3,11.48,34.44,0.069
Fabaceae,Inga,Inga insignis,spp 0760,Vulnerable,3,13.97,41.91,0.084
Fabaceae,Inga,Inga jinicuil,spp 0759,Least Concern,1,17.75,17.75,0.036
Fabaceae,Inga,Inga laurina,spp 0762,Least Concern,1,19.35,19.35,0.039
Fabaceae,Inga,Inga marginata,spp 0768,Least Concern,1,16.67,16.67,0.033
Fabaceae,Inga,Inga oerstediana,spp 0772,Least Concern,1,20.97,20.97,0.042
Fabaceae,Inga,Inga punctata,spp 0778,Least Concern,1,14.03,14.03,0.028
Fabaceae,Inga,Inga saltensis,spp 0779,Vulnerable,3,57.55,172.65,0.346
Fabaceae,Inga,Inga sapindoides,spp 0780,Least Concern,1,15.76,15.76,0.032
Fabaceae,Inga,Inga stenopoda,spp 0785,Least Concern,1,42.72,42.72,0.086
Fabaceae,Inga,Inga striata,spp 0787,Least Concern,1,21.37,21.37,0.043
Fabaceae,Inga,Inga subnuda,spp 0789,Least Concern,1,34.9,34.9,0.07
Fabaceae,Inga,Inga tenuis,spp 0790,Least Concern,1,18.32,18.32,0.037
Fabaceae,Inga_vera_subsp.,Inga vera subsp. eriocarpa,spp 0749,,3,63.28,189.84,0.38
Fabaceae,Inga,Inga virescens,spp 0796,Least Concern,1,12.03,12.03,0.024
Cactaceae,Isolatocereus,Isolatocereus dumortieri,spp 0148,Least Concern,1,15.2,15.2,0.03
Fabaceae,Jupunba,Jupunba filamentosa,spp 0432,Least Concern,1,24.75,24.75,0.05
Zygophyllaceae,Kallstroemia,Kallstroemia californica,spp 0016,Least Concern,1,18.6,18.6,0.037
Zygophyllaceae,Kallstroemia,Kallstroemia grandiflora,spp 0017,,3,19.11,57.33,0.115
Zygophyllaceae,Kallstroemia,Kallstroemia maxima,spp 0019,Least Concern,1,48.32,48.32,0.097
Zygophyllaceae,Kallstroemia,Kallstroemia peninsularis,spp 0021,Least Concern,1,80.75,80.75,0.162
Zygophyllaceae,Kallstroemia,Kallstroemia pubescens,spp 0022,Least Concern,1,60.27,60.27,0.121
Zygophyllaceae,Kallstroemia,Kallstroemia rosei,spp 0023,Least Concern,1,41.23,41.23,0.083
Cactaceae,Kimnachia,Kimnachia ramulosa,spp 0149,,3,18.81,56.43,0.113
Fabaceae,Lachesiodendron,Lachesiodendron viridiflorum,spp 0997,Least Concern,1,70.12,70.12,0.141
Fabaceae,Lennea,Lennea viridiflora,spp 0801,Least Concern,1,52.72,52.72,0.106
Cactaceae,Leocereus,Leocereus bahiensis,spp 0150,Least Concern,1,99.07,99.07,0.199
Cactaceae,Leptocereus,Leptocereus nudiflorus ,spp 0116,Least Concern,1,66.13,66.13,0.133
Fabaceae,Leptolobium,Leptolobium bijugum,spp 0802,Least Concern,1,22.84,22.84,0.046
Fabaceae,Leptolobium,Leptolobium brachystachyum,spp 0803,Least Concern,1,36.52,36.52,0.073
Fabaceae,Leptolobium,Leptolobium dasycarpum,spp 0804,Least Concern,1,30.11,30.11,0.06
Fabaceae,Leptolobium,Leptolobium elegans,spp 0805,Least Concern,1,32.87,32.87,0.066
Fabaceae,Leptolobium,Leptolobium panamense,spp 0448,Least Concern,1,37.62,37.62,0.075
Fabaceae,Leucaena,Leucaena collinsii,spp 0807,Near Threatened,2,69.1,138.2,0.277
Fabaceae,Leucaena,Leucaena diversifolia,spp 0808,Least Concern,1,39.38,39.38,0.079
Fabaceae,Leucaena,Leucaena esculenta,spp 0809,Least Concern,1,45.98,45.98,0.092
Fabaceae,Leucaena,Leucaena lanceolata,spp 0810,Least Concern,1,66.2,66.2,0.133
Fabaceae,Leucaena,Leucaena macrophylla,spp 0812,Least Concern,1,65.94,65.94,0.132
Fabaceae,Leucaena,Leucaena shannonii,spp 0813,Least Concern,1,74.48,74.48,0.149
Fabaceae,Leucaena,Leucaena trichodes,spp 0814,Least Concern,1,72.13,72.13,0.145
Cactaceae,Leucostele,Leucostele terscheckii ,spp 0136,Least Concern,1,15.22,15.22,0.031
Cactaceae,Leuenbergeria,Leuenbergeria bleo,spp 0252,Least Concern,1,26.59,26.59,0.053
Cactaceae,Leuenbergeria,Leuenbergeria guamacho,spp 0254,Least Concern,1,97.69,97.69,0.196
Cactaceae,Leuenbergeria,Leuenbergeria lychnidiflora,spp 0260,Least Concern,1,92.92,92.92,0.186
Fabaceae,Libidibia,Libidibia coriaria,spp 0816,Least Concern,1,69.12,69.12,0.139
Fabaceae,Libidibia,Libidibia ferrea,spp 0817,Least Concern,1,75.08,75.08,0.15
Fabaceae,Libidibia,Libidibia glabrata,spp 0818,Least Concern,1,98.59,98.59,0.198
Fabaceae,Libidibia,Libidibia paraguariensis,spp 0819,Vulnerable,3,26.86,80.58,0.161
Fabaceae,Libidibia,Libidibia sclerocarpa,spp 0546,Least Concern,1,93.76,93.76,0.188
Fabaceae,Lonchocarpus,Lonchocarpus acuminatus,spp 0820,Least Concern,1,74.97,74.97,0.15
Fabaceae,Lonchocarpus,Lonchocarpus atropurpureus,spp 0821,Least Concern,1,53.1,53.1,0.106
Fabaceae,Lonchocarpus,Lonchocarpus balsensis,spp 0822,Vulnerable,3,98.3,294.9,0.591
Fabaceae,Lonchocarpus,Lonchocarpus caudatus,spp 0823,Least Concern,1,74.68,74.68,0.15
Fabaceae,Lonchocarpus,Lonchocarpus cochleatus,spp 0824,Endangered,4,95.91,383.64,0.769
Fabaceae,Lonchocarpus,Lonchocarpus constrictus,spp 0825,Least Concern,1,97.78,97.78,0.196
Fabaceae,Lonchocarpus,Lonchocarpus costaricensis,spp 0826,Near Threatened,2,99.8,199.6,0.4
Fabaceae,Lonchocarpus,Lonchocarpus cultratus,spp 0827,Least Concern,1,32.64,32.64,0.065
Fabaceae,Lonchocarpus,Lonchocarpus emarginatus,spp 0828,Vulnerable,3,98.2,294.6,0.59
Fabaceae,Lonchocarpus,Lonchocarpus eriocarinalis,spp 0829,Critically Endangered,5,97.62,488.1,0.978
Fabaceae,Lonchocarpus,Lonchocarpus eriophyllus,spp 0830,Near Threatened,2,90.47,180.94,0.363
Fabaceae,Lonchocarpus,Lonchocarpus guatemalensis,spp 0831,Least Concern,1,47.77,47.77,0.096
Fabaceae,Lonchocarpus,Lonchocarpus hermannii,spp 0833,Least Concern,1,75.78,75.78,0.152
Fabaceae,Lonchocarpus,Lonchocarpus hintonii,spp 0834,Near Threatened,2,88.04,176.08,0.353
Fabaceae,Lonchocarpus,Lonchocarpus hondurensis,spp 0835,Least Concern,1,10.71,10.71,0.021
Fabaceae,Lonchocarpus,Lonchocarpus huetamoensis,spp 0836,Least Concern,1,97.91,97.91,0.196
Fabaceae,Lonchocarpus,Lonchocarpus lanceolatus,spp 0837,Least Concern,1,89.08,89.08,0.179
Fabaceae,Lonchocarpus,Lonchocarpus lineatus,spp 0838,Least Concern,1,11.29,11.29,0.023
Fabaceae,Lonchocarpus,Lonchocarpus minimiflorus,spp 0840,Least Concern,1,78.64,78.64,0.158
Fabaceae,Lonchocarpus,Lonchocarpus mutans,spp 0841,Least Concern,1,86.09,86.09,0.173
Fabaceae,Lonchocarpus,Lonchocarpus nitidus,spp 0842,Least Concern,1,48.12,48.12,0.096
Fabaceae,Lonchocarpus,Lonchocarpus obovatus,spp 0843,Least Concern,1,79.31,79.31,0.159
Fabaceae,Lonchocarpus,Lonchocarpus oliganthus,spp 0844,Least Concern,1,22.64,22.64,0.045
Fabaceae,Lonchocarpus,Lonchocarpus phaseolifolius,spp 0845,Least Concern,1,92.6,92.6,0.186
Fabaceae,Lonchocarpus,Lonchocarpus pluvialis,spp 0846,Least Concern,1,86.23,86.23,0.173
Fabaceae,Lonchocarpus,Lonchocarpus punctatus,spp 0847,Least Concern,1,47.71,47.71,0.096
Fabaceae,Lonchocarpus,Lonchocarpus rugosus,spp 0848,Least Concern,1,50.65,50.65,0.102
Fabaceae,Lonchocarpus,Lonchocarpus salvadorensis,spp 0849,Least Concern,1,81.36,81.36,0.163
Fabaceae,Lonchocarpus,Lonchocarpus schiedeanus,spp 0850,Least Concern,1,51.14,51.14,0.102
Fabaceae,Lonchocarpus,Lonchocarpus schubertiae,spp 0851,Least Concern,1,99.1,99.1,0.199
Fabaceae,Lonchocarpus,Lonchocarpus sericeus,spp 0852,Least Concern,1,35.82,35.82,0.072
Fabaceae,Lonchocarpus,Lonchocarpus xuul,spp 0853,Least Concern,1,53.37,53.37,0.107
Fabaceae,Lonchocarpus,Lonchocarpus yucatanensis,spp 0854,Least Concern,1,58.07,58.07,0.116
Cactaceae,Lophocereus,Lophocereus marginatus,spp 0242,Least Concern,1,17.08,17.08,0.034
Cactaceae,Lophocereus,Lophocereus schottii,spp 0246,Least Concern,1,75.87,75.87,0.152
Malvaceae,Luehea,Luehea candicans,spp 0363,Vulnerable,3,21.58,64.74,0.13
Malvaceae,Luehea,Luehea candida,spp 0364,Least Concern,1,86.31,86.31,0.173
Malvaceae,Luehea,Luehea crispa,spp 0365,Least Concern,1,15.75,15.75,0.032
Malvaceae,Luehea,Luehea divaricata,spp 0367,Data Deficient,3,37.19,111.57,0.224
Malvaceae,Luehea,Luehea fiebrigii,spp 0368,Vulnerable,3,70.91,212.73,0.426
Malvaceae,Luehea,Luehea grandiflora,spp 0369,Least Concern,1,28.04,28.04,0.056
Malvaceae,Luehea,Luehea ochrophylla,spp 0370,Least Concern,1,46.27,46.27,0.093
Malvaceae,Luehea,Luehea paniculata,spp 0371,Vulnerable,3,25.21,75.63,0.152
Malvaceae,Luehea,Luehea seemannii,spp 0372,Endangered,4,18.69,74.76,0.15
Malvaceae,Luehea,Luehea speciosa,spp 0373,Near Threatened,2,32.55,65.1,0.13
Fabaceae,Luetzelburgia,Luetzelburgia auriculata,spp 0855,Vulnerable,3,73.32,219.96,0.441
Fabaceae,Luetzelburgia,Luetzelburgia bahiensis,spp 0856,Least Concern,1,100,100,0.2
Fabaceae,Luetzelburgia,Luetzelburgia purpurea,spp 0857,Least Concern,1,100,100,0.2
Fabaceae,Lysiloma,Lysiloma acapulcense,spp 0858,Least Concern,1,50.85,50.85,0.102
Fabaceae,Lysiloma,Lysiloma auritum,spp 0859,Least Concern,1,50.41,50.41,0.101
Fabaceae,Lysiloma,Lysiloma candidum,spp 0860,Least Concern,1,75.25,75.25,0.151
Fabaceae,Lysiloma,Lysiloma divaricatum,spp 0861,Least Concern,1,53.33,53.33,0.107
Fabaceae,Lysiloma,Lysiloma latisiliquum,spp 0862,Near Threatened,2,49.14,98.28,0.197
Fabaceae,Lysiloma,Lysiloma sabicu,spp 0864,Least Concern,1,15.02,15.02,0.03
Fabaceae,Lysiloma,Lysiloma tergeminum,spp 0865,Least Concern,1,93.18,93.18,0.187
Fabaceae,Lysiloma,Lysiloma watsonii,spp 0866,Least Concern,1,39.09,39.09,0.078
Fabaceae,Machaerium,Machaerium aculeatum,spp 0867,Least Concern,1,36.02,36.02,0.072
Fabaceae,Machaerium,Machaerium acutifolium,spp 0869,Least Concern,1,35.48,35.48,0.071
Fabaceae,Machaerium,Machaerium amplum,spp 0870,Least Concern,1,13.67,13.67,0.027
Fabaceae,Machaerium,Machaerium arboreum,spp 0868,Least Concern,1,48.89,48.89,0.098
Fabaceae,Machaerium,Machaerium biovulatum,spp 0871,Least Concern,1,43.61,43.61,0.087
Fabaceae,Machaerium,Machaerium brasiliense,spp 0872,Least Concern,1,38.69,38.69,0.078
Fabaceae,Machaerium,Machaerium capote,spp 0874,Least Concern,1,46.51,46.51,0.093
Fabaceae,Machaerium,Machaerium chiapense,spp 0875,Least Concern,1,73.62,73.62,0.148
Fabaceae,Machaerium,Machaerium eriocarpum,spp 0876,Least Concern,1,68.07,68.07,0.136
Fabaceae,Machaerium,Machaerium hirtum,spp 0879,Least Concern,1,35.64,35.64,0.071
Fabaceae,Machaerium,Machaerium isadelphum,spp 0881,Least Concern,1,13.12,13.12,0.026
Fabaceae,Machaerium,Machaerium kegelii,spp 0882,Least Concern,1,13.16,13.16,0.026
Fabaceae,Machaerium,Machaerium latifolium,spp 0883,Least Concern,1,24.18,24.18,0.048
Fabaceae,Machaerium,Machaerium leucopterum,spp 0884,Least Concern,1,61.21,61.21,0.123
Fabaceae,Machaerium,Machaerium millei,spp 0886,Least Concern,1,89.46,89.46,0.179
Fabaceae,Machaerium,Machaerium nigrum,spp 0887,Least Concern,1,58.36,58.36,0.117
Fabaceae,Machaerium,Machaerium nyctitans,spp 0888,Least Concern,1,22.49,22.49,0.045
Fabaceae,Machaerium,Machaerium oblongifolium,spp 0889,Near Threatened,2,38.36,76.72,0.154
Fabaceae,Machaerium,Machaerium opacum,spp 0891,Least Concern,1,38.92,38.92,0.078
Fabaceae,Machaerium,Machaerium pedicellatum,spp 0893,Least Concern,1,35.31,35.31,0.071
Fabaceae,Machaerium,Machaerium punctatum,spp 0894,Least Concern,1,35.31,35.31,0.071
Fabaceae,Machaerium,Machaerium salvadorense,spp 0895,,3,55.38,166.14,0.333
Fabaceae,Machaerium,Machaerium salzmannii,spp 0896,Least Concern,1,36.46,36.46,0.073
Fabaceae,Machaerium,Machaerium scleroxylon,spp 0897,Least Concern,1,41.17,41.17,0.083
Fabaceae,Machaerium,Machaerium seemannii,spp 0898,Least Concern,1,14.95,14.95,0.03
Fabaceae,Machaerium,Machaerium stipitatum,spp 0899,,3,37.43,112.29,0.225
Fabaceae,Machaerium,Machaerium villosum,spp 0900,Vulnerable,3,30.16,90.48,0.181
Fabaceae,Macrolobium,Macrolobium latifolium,spp 0903,Least Concern,1,29.65,29.65,0.059
Malvaceae,Malvaviscus,Malvaviscus arboreus,spp 1220,Least Concern,1,39.51,39.51,0.079
Cactaceae,Mammillaria,Mammillaria albilanata,spp 0152,Least Concern,1,69.55,69.55,0.139
Cactaceae,Mammillaria,Mammillaria beneckei,spp 0154,Least Concern,1,85.47,85.47,0.171
Cactaceae,Mammillaria,Mammillaria carnea,spp 0155,Least Concern,1,74.3,74.3,0.149
Cactaceae,Mammillaria,Mammillaria dixanthocentron,spp 0160,Least Concern,1,50.87,50.87,0.102
Cactaceae,Mammillaria,Mammillaria eriacantha,spp 0161,Vulnerable,3,63.64,190.92,0.383
Cactaceae,Mammillaria,Mammillaria haageana,spp 0165,Least Concern,1,30.14,30.14,0.06
Cactaceae,Mammillaria,Mammillaria jaliscana,spp 0167,Vulnerable,3,16.51,49.53,0.099
Cactaceae,Mammillaria,Mammillaria karwinskiana,spp 0186,Least Concern,1,90.15,90.15,0.181
Cactaceae,Mammillaria,Mammillaria mystax,spp 0172,Least Concern,1,36.95,36.95,0.074
Cactaceae,Mammillaria,Mammillaria petrophila,spp 0173,Vulnerable,3,65.81,197.43,0.396
Cactaceae,Mammillaria,Mammillaria scrippsiana,spp 0182,Least Concern,1,38.32,38.32,0.077
Cactaceae,Mammillaria,Mammillaria sphacelata,spp 0184,Least Concern,1,34.96,34.96,0.07
Cactaceae,Mammillaria,Mammillaria standleyi,spp 0185,Least Concern,1,52.79,52.79,0.106
Fabaceae,Marina,Marina diffusa,spp 0906,,3,50.37,151.11,0.303
Fabaceae,Mariosousa,Mariosousa acatlensis,spp 0907,Least Concern,1,61.39,61.39,0.123
Fabaceae,Mariosousa,Mariosousa centralis,spp 0908,Least Concern,1,59.61,59.61,0.119
Fabaceae,Mariosousa,Mariosousa coulteri,spp 0909,Least Concern,1,37.95,37.95,0.076
Fabaceae,Mariosousa,Mariosousa dolichostachya,spp 0440,Least Concern,1,43.09,43.09,0.086
Fabaceae,Marlimorimia,Marlimorimia bahiana,spp 1045,,3,72.74,218.22,0.437
Fabaceae,Marlimorimia,Marlimorimia pittieri,spp 1048,,3,82.34,247.02,0.495
Fabaceae,Martiodendron,Martiodendron mediterraneum,spp 0911,Least Concern,1,38.65,38.65,0.077
Fabaceae,Melanoxylon,Melanoxylon brauna,spp 0912,Least Concern,1,27.18,27.18,0.054
Cactaceae,Melocactus,Melocactus curvispinus,spp 0189,Least Concern,1,74.33,74.33,0.149
Cactaceae,Melocactus,Melocactus intortus,spp 0190,Least Concern,1,26.83,26.83,0.054
Cactaceae,Melocactus,Melocactus lemairei,spp 0191,Near Threatened,2,67.37,134.74,0.27
Cactaceae,Melocactus,Melocactus zehntneri,spp 0192,Least Concern,1,99.62,99.62,0.2
Malvaceae,Melochia,Melochia tomentosa,spp 0379,Least Concern,1,59.6,59.6,0.119
Cactaceae,Micranthocereus,Micranthocereus purpureus,spp 0193,Least Concern,1,99.98,99.98,0.2
Fabaceae,Microlobius,Microlobius foetidus,spp 0913,Least Concern,1,45.84,45.84,0.092
Fabaceae,Mimosa,Mimosa acantholoba,spp 0914,Least Concern,1,86.43,86.43,0.173
Fabaceae,Mimosa,Mimosa acutistipula,spp 0915,Least Concern,1,65.94,65.94,0.132
Fabaceae,Mimosa,Mimosa albida,spp 0917,Least Concern,1,35.15,35.15,0.07
Fabaceae,Mimosa,Mimosa arenosa,spp 0919,Least Concern,1,59.91,59.91,0.12
Fabaceae,Mimosa,Mimosa bahamensis,spp 0920,Least Concern,1,49.28,49.28,0.099
Fabaceae,Mimosa,Mimosa benthamii,spp 0921,Least Concern,1,60.27,60.27,0.121
Fabaceae,Mimosa,Mimosa bimucronata,spp 0922,Least Concern,1,37.35,37.35,0.075
Fabaceae,Mimosa,Mimosa caesalpiniifolia,spp 0923,Least Concern,1,51.69,51.69,0.104
Fabaceae,Mimosa,Mimosa claussenii,spp 0924,Least Concern,1,12.05,12.05,0.024
Fabaceae,Mimosa,Mimosa distachya,spp 0927,,3,45.81,137.43,0.275
Fabaceae,Mimosa,Mimosa farinosa,spp 0928,Least Concern,1,24,24,0.048
Fabaceae,Mimosa,Mimosa flocculosa,spp 0929,,3,53.94,161.82,0.324
Fabaceae,Mimosa,Mimosa galeottii,spp 0931,Least Concern,1,42.38,42.38,0.085
Fabaceae,Mimosa,Mimosa gemmulata,spp 0932,Least Concern,1,82.06,82.06,0.164
Fabaceae,Mimosa,Mimosa glutinosa,spp 0933,Least Concern,1,98.12,98.12,0.197
Fabaceae,Mimosa,Mimosa goldmanii,spp 0934,Least Concern,1,89.4,89.4,0.179
Fabaceae,Mimosa,Mimosa hexandra,spp 0935,Least Concern,1,71.68,71.68,0.144
Fabaceae,Mimosa,Mimosa irrigua,spp 0936,Least Concern,1,99.99,99.99,0.2
Fabaceae,Mimosa,Mimosa laticifera,spp 0937,Least Concern,1,13.54,13.54,0.027
Fabaceae,Mimosa,Mimosa lewisii,spp 0938,Least Concern,1,93.08,93.08,0.187
Fabaceae,Mimosa,Mimosa mellii,spp 0939,Least Concern,1,93.13,93.13,0.187
Fabaceae,Mimosa,Mimosa micropteris,spp 0940,Least Concern,1,60.78,60.78,0.122
Fabaceae,Mimosa,Mimosa myriadena,spp 0941,Least Concern,1,15.22,15.22,0.031
Fabaceae,Mimosa,Mimosa ophthalmocentra,spp 0942,Least Concern,1,99.46,99.46,0.199
Fabaceae,Mimosa,Mimosa palmeri,spp 0943,Least Concern,1,79.83,79.83,0.16
Fabaceae,Mimosa,Mimosa paraibana,spp 0944,Least Concern,1,90.44,90.44,0.181
Fabaceae,Mimosa_pigra_var.,Mimosa pigra var. pigra,spp 0945,Least Concern,1,20.93,20.93,0.042
Fabaceae,Mimosa,Mimosa pilulifera,spp 0946,Least Concern,1,18.11,18.11,0.036
Fabaceae,Mimosa,Mimosa pithecolobioides,spp 0947,Least Concern,1,61.64,61.64,0.124
Fabaceae,Mimosa,Mimosa platycarpa,spp 0948,Least Concern,1,73.84,73.84,0.148
Fabaceae,Mimosa,Mimosa polyantha,spp 0949,Least Concern,1,76.97,76.97,0.154
Fabaceae,Mimosa,Mimosa pteridifolia,spp 0950,Least Concern,1,47.77,47.77,0.096
Fabaceae,Mimosa,Mimosa regnellii,spp 0952,Least Concern,1,34.49,34.49,0.069
Fabaceae,Mimosa,Mimosa revoluta,spp 0953,Least Concern,1,40.1,40.1,0.08
Fabaceae,Mimosa,Mimosa rosei,spp 0954,Least Concern,1,91.72,91.72,0.184
Fabaceae,Mimosa,Mimosa scabrella,spp 0955,Least Concern,1,15.53,15.53,0.031
Fabaceae,Mimosa,Mimosa schomburgkii,spp 0956,Least Concern,1,12.17,12.17,0.024
Fabaceae,Mimosa,Mimosa sericantha,spp 0957,Least Concern,1,32.66,32.66,0.065
Fabaceae,Mimosa,Mimosa tenuiflora,spp 0958,Least Concern,1,75.65,75.65,0.152
Fabaceae,Mimosa,Mimosa verrucosa,spp 0959,Vulnerable,3,83.77,251.31,0.504
Fabaceae,Mimozyganthus,Mimozyganthus carinatus,spp 0960,Near Threatened,2,26.86,53.72,0.108
Cactaceae,Mitrocereus,Mitrocereus militaris,spp 0243,,3,99.14,297.42,0.596
Fabaceae,Moldenhawera,Moldenhawera emarginata,spp 0961,Least Concern,1,53.21,53.21,0.107
Malvaceae,Mollia,Mollia burchellii,spp 0380,Least Concern,1,12.93,12.93,0.026
Capparaceae,Morisonia,Morisonia americana,spp 0069,Least Concern,1,74.52,74.52,0.149
Capparaceae,Morisonia,Morisonia amplissima,spp 0058,,3,28.28,84.84,0.17
Capparaceae,Morisonia,Morisonia angustifolia,spp 0074,Least Concern,1,99.38,99.38,0.199
Capparaceae,Morisonia,Morisonia atamisquea,spp 0038,Endangered,4,12.66,50.64,0.101
Capparaceae,Morisonia,Morisonia coimbrana,spp 0042,Least Concern,1,69.09,69.09,0.138
Capparaceae,Morisonia,Morisonia cynophallophora ,spp 0076,Least Concern,1,56.51,56.51,0.113
Capparaceae,Morisonia,Morisonia discolor,spp 0043,Least Concern,1,12.35,12.35,0.025
Capparaceae,Morisonia,Morisonia ecuadorica,spp 0059,Least Concern,1,60.43,60.43,0.121
Capparaceae,Morisonia,Morisonia ferruginea ,spp 0077,,3,55.32,165.96,0.333
Capparaceae,Morisonia,Morisonia flexuosa,spp 0060,Least Concern,1,45.05,45.05,0.09
Capparaceae,Morisonia,Morisonia frondosa,spp 0044,Least Concern,1,28.25,28.25,0.057
Capparaceae,Morisonia,Morisonia hastata,spp 0061,Endangered,4,85.8,343.2,0.688
Capparaceae,Morisonia,Morisonia heterophylla,spp 0062,Endangered,4,97.17,388.68,0.779
Capparaceae,Morisonia,Morisonia heydeana,spp 0040,Least Concern,1,59.59,59.59,0.119
Capparaceae,Morisonia,Morisonia humilis,spp 0045,Least Concern,1,90.43,90.43,0.181
Capparaceae,Morisonia,Morisonia incana ,spp 0079,Least Concern,1,68.33,68.33,0.137
Capparaceae,Morisonia,Morisonia indica ,spp 0080,Least Concern,1,67.21,67.21,0.135
Capparaceae,Morisonia,Morisonia lineata,spp 0067,Endangered,4,65.1,260.4,0.522
Capparaceae,Morisonia,Morisonia longifolia,spp 0071,,3,99.66,298.98,0.599
Capparaceae,Morisonia,Morisonia lundellii,spp 0081,Least Concern,1,83.8,83.8,0.168
Capparaceae,Morisonia,Morisonia mollicella,spp 0047,Least Concern,1,43.34,43.34,0.087
Capparaceae,Morisonia,Morisonia nemorosa,spp 0039,Least Concern,1,98.45,98.45,0.197
Capparaceae,Morisonia,Morisonia odoratissmia ,spp 0082,,3,54.13,162.39,0.325
Capparaceae,Morisonia,Morisonia pachaca,spp 0049,Least Concern,1,97.18,97.18,0.195
Capparaceae,Morisonia,Morisonia petiolaris,spp 0050,Least Concern,1,24.38,24.38,0.049
Capparaceae,Morisonia,Morisonia polyantha,spp 0063,Least Concern,1,49.64,49.64,0.099
Capparaceae,Morisonia,Morisonia pringlei ,spp 0083,Least Concern,1,77.02,77.02,0.154
Capparaceae,Morisonia,Morisonia retusa,spp 0064,,3,42.66,127.98,0.256
Capparaceae,Morisonia,Morisonia scabrida,spp 0054,Least Concern,1,82.88,82.88,0.166
Capparaceae,Morisonia,Morisonia sessilis,spp 0065,,3,97.84,293.52,0.588
Capparaceae,Morisonia,Morisonia speciosa,spp 0037,Least Concern,1,27.77,27.77,0.056
Capparaceae,Morisonia,Morisonia tenuisiliqua,spp 0068,Least Concern,1,87.67,87.67,0.176
Capparaceae,Morisonia,Morisonia tweedieana,spp 0041,Least Concern,1,35.51,35.51,0.071
Capparaceae,Morisonia,Morisonia verrucosa,spp 0066,,3,86.31,258.93,0.519
Capparaceae,Morisonia,Morisonia yco,spp 0055,Least Concern,1,99.91,99.91,0.2
Zygophyllaceae,Morkillia,Morkillia mexicana,spp 0028,,3,17.52,52.56,0.105
Fabaceae,Muellera,Muellera campestris,spp 0962,Least Concern,1,42.73,42.73,0.086
Fabaceae,Muellera,Muellera montana,spp 0963,Least Concern,1,35.37,35.37,0.071
Fabaceae,Muellera,Muellera obtusa,spp 0964,Least Concern,1,87.19,87.19,0.175
Fabaceae,Muellera,Muellera sericea,spp 0965,Least Concern,1,68.07,68.07,0.136
Fabaceae,Myrocarpus,Myrocarpus fastigiatus,spp 0966,Least Concern,1,87.14,87.14,0.175
Fabaceae,Myrocarpus,Myrocarpus frondosus,spp 0967,Data Deficient,3,37.14,111.42,0.223
Fabaceae,Myrospermum,Myrospermum frutescens,spp 0969,Least Concern,1,63.92,63.92,0.128
Fabaceae,Myroxylon,Myroxylon balsamum,spp 0970,Least Concern,1,16.98,16.98,0.034
Fabaceae,Myroxylon,Myroxylon peruiferum,spp 0971,Least Concern,1,36.63,36.63,0.073
Cactaceae,Myrtillocactus,Myrtillocactus cochal,spp 0194,Least Concern,1,26.67,26.67,0.053
Cactaceae,Myrtillocactus,Myrtillocactus geometrizans,spp 0195,Least Concern,1,14.98,14.98,0.03
Cactaceae,Myrtillocactus,Myrtillocactus schenckii,spp 0196,Least Concern,1,56.32,56.32,0.113
Fabaceae,Neltuma,Neltuma affinis,spp 1035,Data Deficient,3,51.98,155.94,0.313
Fabaceae,Neltuma,Neltuma alba,spp 1036,Near Threatened,2,15.97,31.94,0.064
Fabaceae,Neltuma,Neltuma articulata,spp 1037,Least Concern,1,51.09,51.09,0.102
Fabaceae,Neltuma,Neltuma laevigata,spp 1041,Least Concern,1,24.31,24.31,0.049
Fabaceae,Neltuma,Neltuma nigra,spp 1042,Data Deficient,3,18.45,55.35,0.111
Fabaceae,Neltuma,Neltuma pallida,spp 1044,Least Concern,1,13.65,13.65,0.027
Fabaceae,Neltuma,Neltuma ruscifolia,spp 1043,Least Concern,1,92.31,92.31,0.185
Cactaceae,Nyctocereus,Nyctocereus serpentinus,spp 0248,,3,16.43,49.29,0.099
Malvaceae,Ochroma,Ochroma pyramidale,spp 0382,Least Concern,1,11.23,11.23,0.023
Cactaceae,Opuntia,Opuntia anacantha,spp 0202,Least Concern,1,41.37,41.37,0.083
Cactaceae,Opuntia,Opuntia bravoana,spp 0204,Least Concern,1,81.46,81.46,0.163
Cactaceae,Opuntia,Opuntia caracassana,spp 0205,Least Concern,1,93.31,93.31,0.187
Cactaceae,Opuntia,Opuntia decumbens,spp 0209,Least Concern,1,68.72,68.72,0.138
Cactaceae,Opuntia,Opuntia depressa,spp 0210,Least Concern,1,61.7,61.7,0.124
Cactaceae,Opuntia,Opuntia elatior,spp 0212,Least Concern,1,46.09,46.09,0.092
Cactaceae,Opuntia,Opuntia excelsa,spp 0214,Least Concern,1,98.04,98.04,0.196
Cactaceae,Opuntia,Opuntia fuliginosa,spp 0216,Least Concern,1,37.85,37.85,0.076
Cactaceae,Opuntia,Opuntia gosseliniana,spp 0217,Least Concern,1,33.98,33.98,0.068
Cactaceae,Opuntia,Opuntia monacantha,spp 0225,Least Concern,1,12.51,12.51,0.025
Cactaceae,Opuntia,Opuntia pilifera,spp 0227,Least Concern,1,50.45,50.45,0.101
Cactaceae,Opuntia,Opuntia puberula,spp 0228,Least Concern,1,67.5,67.5,0.135
Cactaceae,Opuntia,Opuntia pubescens,spp 0229,Least Concern,1,41.46,41.46,0.083
Cactaceae,Opuntia,Opuntia quitensis,spp 0231,Least Concern,1,59.12,59.12,0.118
Cactaceae,Opuntia,Opuntia stricta,spp 0235,Least Concern,1,35.15,35.15,0.07
Cactaceae,Opuntia,Opuntia tapona,spp 0236,Least Concern,1,74.47,74.47,0.149
Cactaceae,Opuntia,Opuntia tomentosa,spp 0237,Least Concern,1,20.75,20.75,0.042
Cactaceae,Opuntia,Opuntia velutina,spp 0238,Data Deficient,3,44.44,133.32,0.267
Cactaceae,Opuntia,Opuntia wilcoxii,spp 0239,Least Concern,1,62.18,62.18,0.125
Fabaceae,Ormosia,Ormosia arborea,spp 0972,Least Concern,1,16.89,16.89,0.034
Fabaceae,Ormosia,Ormosia fastigiata,spp 0974,Least Concern,1,17.92,17.92,0.036
Cactaceae,Pachycereus,Pachycereus grandis,spp 0241,Vulnerable,3,88.66,265.98,0.533
Cactaceae,Pachycereus,Pachycereus pecten-aboriginum,spp 0244,Vulnerable,3,79.71,239.13,0.479
Cactaceae,Pachycereus,Pachycereus pringlei,spp 0245,Least Concern,1,73.87,73.87,0.148
Cactaceae,Pachycereus,Pachycereus weberi,spp 0247,Least Concern,1,94.77,94.77,0.19
Fabaceae,Parapiptadenia,Parapiptadenia excelsa,spp 0977,Least Concern,1,46.34,46.34,0.093
Fabaceae,Parapiptadenia,Parapiptadenia pterosperma,spp 0978,Least Concern,1,33.5,33.5,0.067
Fabaceae,Parapiptadenia,Parapiptadenia rigida,spp 0979,Least Concern,1,49.35,49.35,0.099
Fabaceae,Parapiptadenia,Parapiptadenia zehntneri,spp 0980,Near Threatened,2,99.99,199.98,0.401
Fabaceae,Parkia,Parkia platycephala,spp 0982,Least Concern,1,29.54,29.54,0.059
Fabaceae,Parkinsonia,Parkinsonia aculeata,spp 0983,Least Concern,1,41.15,41.15,0.082
Fabaceae,Parkinsonia,Parkinsonia florida,spp 0984,Vulnerable,3,19.02,57.06,0.114
Fabaceae,Parkinsonia,Parkinsonia praecox,spp 0985,Least Concern,1,23.24,23.24,0.047
Malvaceae,Pavonia,Pavonia glazioviana,spp 0384,Least Concern,1,99.57,99.57,0.2
Malvaceae,Pavonia,Pavonia luetzelburgii,spp 0385,Least Concern,1,99.84,99.84,0.2
Malvaceae,Pavonia,Pavonia malacophylla,spp 0387,Least Concern,1,27.89,27.89,0.056
Malvaceae,Pavonia,Pavonia malvaviscoides,spp 0388,Least Concern,1,24.74,24.74,0.05
Malvaceae,Pavonia,Pavonia pleuranthera,spp 0389,Vulnerable,3,79.26,237.78,0.477
Fabaceae,Peltogyne,Peltogyne pauciflora,spp 0988,Vulnerable,3,95.53,286.59,0.574
Fabaceae,Peltogyne,Peltogyne purpurea,spp 0989,Vulnerable,3,43.93,131.79,0.264
Fabaceae,Peltophorum,Peltophorum dubium,spp 0990,Endangered,4,57.26,229.04,0.459
Cactaceae,Peniocereus,Peniocereus striatus,spp 0249,Least Concern,1,73.7,73.7,0.148
Cactaceae,Pereskia,Pereskia aculeata,spp 0250,Least Concern,1,41.15,41.15,0.082
Cactaceae,Pereskia,Pereskia bahiensis,spp 0251,Least Concern,1,100,100,0.2
Cactaceae,Pereskia,Pereskia grandifolia,spp 0253,Least Concern,1,41.29,41.29,0.083
Cactaceae,Pereskia,Pereskia nemorosa,spp 0261,Least Concern,1,97.05,97.05,0.194
Cactaceae,Pereskia,Pereskia sacharosa,spp 0262,Least Concern,1,38.35,38.35,0.077
Cactaceae,Pereskia,Pereskia stenantha,spp 0263,Least Concern,1,95.81,95.81,0.192
Cactaceae,Pereskia,Pereskia weberiana,spp 0264,Least Concern,1,67.88,67.88,0.136
Cactaceae,Pilosocereus,Pilosocereus aurisetus,spp 0265,Least Concern,1,14.02,14.02,0.028
Cactaceae,Pilosocereus,Pilosocereus catingicola,spp 0266,Least Concern,1,93.29,93.29,0.187
Cactaceae,Pilosocereus,Pilosocereus pachycladus,spp 0268,Least Concern,1,46.98,46.98,0.094
Cactaceae,Pilosocereus,Pilosocereus pentaedrophorus,spp 0269,Vulnerable,3,99.11,297.33,0.596
Cactaceae,Pilosocereus,Pilosocereus polygonus,spp 0270,Least Concern,1,93.06,93.06,0.186
Cactaceae,Pilosocereus,Pilosocereus purpusii,spp 0271,Near Threatened,2,59.31,118.62,0.238
Cactaceae,Pilosocereus,Pilosocereus royenii,spp 0272,Endangered,4,83.15,332.6,0.667
Cactaceae,Pilosocereus,Pilosocereus tuberculatus,spp 0273,Near Threatened,2,20.01,40.02,0.08
Fabaceae,Piptadenia,Piptadenia gonoacantha,spp 0993,Least Concern,1,28.18,28.18,0.056
Fabaceae,Piptadenia,Piptadenia paniculata,spp 0994,Least Concern,1,21,21,0.042
Fabaceae,Piptadenia,Piptadenia retusa,spp 0992,Least Concern,1,78.3,78.3,0.157
Fabaceae,Piscidia,Piscidia carthagenensis,spp 0998,Least Concern,1,90.77,90.77,0.182
Fabaceae,Piscidia,Piscidia grandifolia,spp 0999,Least Concern,1,59.01,59.01,0.118
Fabaceae,Piscidia,Piscidia piscipula,spp 1000,Least Concern,1,44.54,44.54,0.089
Fabaceae,Pithecellobium,Pithecellobium diversifolium,spp 1002,Endangered,4,96.56,386.24,0.774
Fabaceae,Pithecellobium,Pithecellobium dulce,spp 1003,Least Concern,1,49.27,49.27,0.099
Fabaceae,Pithecellobium,Pithecellobium excelsum,spp 1004,Least Concern,1,87.05,87.05,0.174
Fabaceae,Pithecellobium,Pithecellobium keyense,spp 1006,Least Concern,1,34.3,34.3,0.069
Fabaceae,Pithecellobium,Pithecellobium lanceolatum,spp 1007,Near Threatened,2,48.43,96.86,0.194
Fabaceae,Pithecellobium,Pithecellobium oblongum,spp 1009,Least Concern,1,59.08,59.08,0.118
Fabaceae,Pithecellobium,Pithecellobium roseum,spp 1011,,3,96.89,290.67,0.583
Fabaceae,Pithecellobium,Pithecellobium unguis-cati,spp 1013,Least Concern,1,61.44,61.44,0.123
Fabaceae,Pityrocarpa,Pityrocarpa moniliformis,spp 1014,Least Concern,1,91.08,91.08,0.183
Fabaceae,Pityrocarpa,Pityrocarpa obliqua,spp 1015,Least Concern,1,83.57,83.57,0.167
Fabaceae,Plathymenia,Plathymenia reticulata,spp 1016,Least Concern,1,30.1,30.1,0.06
Fabaceae,Platymiscium,Platymiscium floribundum,spp 1017,Least Concern,1,56.61,56.61,0.113
Fabaceae,Platymiscium,Platymiscium hebestachyum,spp 1018,Least Concern,1,27.43,27.43,0.055
Fabaceae,Platymiscium,Platymiscium lasiocarpum,spp 1019,Vulnerable,3,89.43,268.29,0.538
Fabaceae,Platymiscium,Platymiscium parviflorum,spp 1020,Critically Endangered,5,96.82,484.1,0.97
Fabaceae,Platymiscium,Platymiscium pinnatum,spp 1021,Least Concern,1,19.65,19.65,0.039
Fabaceae,Platymiscium,Platymiscium pubescens,spp 1022,Least Concern,1,50.89,50.89,0.102
Fabaceae,Platymiscium,Platymiscium trifoliolatum,spp 1023,Near Threatened,2,76.2,152.4,0.305
Fabaceae,Platymiscium,Platymiscium yucatanum,spp 1024,Near Threatened,2,38.96,77.92,0.156
Fabaceae,Platypodium,Platypodium elegans,spp 1025,Least Concern,1,32.09,32.09,0.064
Zygophyllaceae,Plectrocarpa,Plectrocarpa arborea,spp 0002,Least Concern,1,94.64,94.64,0.19
Zygophyllaceae,Plectrocarpa,Plectrocarpa bonariensis,spp 0004,Least Concern,1,18.21,18.21,0.036
Zygophyllaceae,Plectrocarpa,Plectrocarpa sarmientoi,spp 0006,Endangered,4,21.2,84.8,0.17
Fabaceae,Poecilanthe,Poecilanthe grandiflora,spp 1026,Least Concern,1,99.61,99.61,0.2
Fabaceae,Poecilanthe,Poecilanthe parviflora,spp 1028,Data Deficient,3,50.38,151.14,0.303
Fabaceae,Poecilanthe,Poecilanthe ulei,spp 1029,Least Concern,1,85.99,85.99,0.172
Fabaceae,Poeppigia,Poeppigia procera,spp 1030,Least Concern,1,40.15,40.15,0.08
Fabaceae,Poincianella,Poincianella bracteosa,spp 1031,,3,79.17,237.51,0.476
Zygophyllaceae,Porliera,Porliera microphylla,spp 0032,Least Concern,1,45.46,45.46,0.091
Malvaceae,Pseudabutilon,Pseudabutilon scabrum,spp 0309,,3,70.83,212.49,0.426
Fabaceae,Pseudalbizzia,Pseudalbizzia adinocephala,spp 0454,Least Concern,1,41.73,41.73,0.084
Fabaceae,Pseudalbizzia,Pseudalbizzia edwallii,spp 0456,Least Concern,1,39.71,39.71,0.08
Fabaceae,Pseudalbizzia,Pseudalbizzia inundata,spp 0457,Least Concern,1,42.4,42.4,0.085
Fabaceae,Pseudalbizzia,Pseudalbizzia niopoides,spp 0460,Least Concern,1,37.64,37.64,0.075
Fabaceae,Pseudalbizzia,Pseudalbizzia sinaloensis,spp 0465,Near Threatened,2,85.89,171.78,0.344
Fabaceae,Pseudalbizzia,Pseudalbizzia tomentosa,spp 0467,Least Concern,1,56.77,56.77,0.114
Malvaceae,Pseudobombax,Pseudobombax campestre,spp 0392,Least Concern,1,52.86,52.86,0.106
Malvaceae,Pseudobombax,Pseudobombax ellipticum,spp 0395,Least Concern,1,47.75,47.75,0.096
Malvaceae,Pseudobombax,Pseudobombax grandiflorum,spp 0393,Least Concern,1,22.09,22.09,0.044
Malvaceae,Pseudobombax,Pseudobombax longiflorum,spp 0396,Least Concern,1,32.29,32.29,0.065
Malvaceae,Pseudobombax,Pseudobombax marginatum,spp 0394,Least Concern,1,41.97,41.97,0.084
Malvaceae,Pseudobombax,Pseudobombax millei,spp 0397,Data Deficient,3,52.79,158.37,0.317
Malvaceae,Pseudobombax,Pseudobombax palmeri,spp 0399,Least Concern,1,65.15,65.15,0.131
Malvaceae,Pseudobombax,Pseudobombax septenatum,spp 0400,Least Concern,1,29.25,29.25,0.059
Malvaceae,Pseudobombax,Pseudobombax simplicifolium,spp 0401,Least Concern,1,100,100,0.2
Malvaceae,Pseudobombax,Pseudobombax tomentosum,spp 0402,Least Concern,1,23.93,23.93,0.048
Fabaceae,Pseudopiptadenia,Pseudopiptadenia brenanii,spp 1046,Vulnerable,3,99.91,299.73,0.601
Fabaceae,Pseudopiptadenia,Pseudopiptadenia contorta,spp 1047,Least Concern,1,44.22,44.22,0.089
Fabaceae,Pseudosamanea,Pseudosamanea guachapele,spp 1050,Least Concern,1,33.65,33.65,0.067
Fabaceae,Pterocarpus,Pterocarpus acapulcensis,spp 1051,Vulnerable,3,62.51,187.53,0.376
Fabaceae,Pterocarpus,Pterocarpus orbiculatus,spp 1053,Least Concern,1,95.86,95.86,0.192
Fabaceae,Pterocarpus,Pterocarpus rohrii,spp 1054,Least Concern,1,14.55,14.55,0.029
Fabaceae,Pterocarpus,Pterocarpus villosus,spp 1055,Least Concern,1,91.8,91.8,0.184
Fabaceae,Pterocereus,Pterocereus gaumeri ,spp 0240,Least Concern,1,97.35,97.35,0.195
Fabaceae,Pterodon,Pterodon abruptus,spp 1056,Least Concern,1,100,100,0.2
Fabaceae,Pterodon,Pterodon emarginatus,spp 1057,Least Concern,1,25.75,25.75,0.052
Fabaceae,Pterodon,Pterodon pubescens,spp 1058,Least Concern,1,12.47,12.47,0.025
Fabaceae,Pterogyne,Pterogyne nitens,spp 1059,Near Threatened,2,60.09,120.18,0.241
Malvaceae,Quararibea,Quararibea asterolepis,spp 0403,Least Concern,1,22.4,22.4,0.045
Malvaceae,Quararibea,Quararibea caldasiana,spp 0404,Least Concern,1,38.07,38.07,0.076
Malvaceae,Quararibea,Quararibea penduliflora,spp 0405,Least Concern,1,28.01,28.01,0.056
Cactaceae,Rhipsalis,Rhipsalis baccifera,spp 0276,Least Concern,1,11.92,11.92,0.024
Fabaceae,Riedeliella,Riedeliella graciliflora,spp 1060,,3,31.29,93.87,0.188
Fabaceae,Samanea,Samanea inopinata,spp 1061,Least Concern,1,59.23,59.23,0.119
Fabaceae,Samanea,Samanea saman,spp 1062,Least Concern,1,25.84,25.84,0.052
Fabaceae,Samanea,Samanea tubulosa,spp 1063,Least Concern,1,24.67,24.67,0.049
Fabaceae,Schizolobium,Schizolobium parahyba,spp 1064,Least Concern,1,13.98,13.98,0.028
Fabaceae,Schnella,Schnella flexuosa,spp 0503,,3,80.54,241.62,0.484
Fabaceae,Schnella,Schnella glabra,spp 0505,Least Concern,1,15.96,15.96,0.032
Fabaceae,Schnella,Schnella herrerae,spp 0506,Least Concern,1,39.1,39.1,0.078
Cactaceae,Selenicereus,Selenicereus costaricensis,spp 0279,Critically Endangered,5,99.8,499,1
Cactaceae,Selenicereus,Selenicereus grandiflorus,spp 0280,Least Concern,1,61.71,61.71,0.124
Cactaceae,Selenicereus,Selenicereus ocamponis,spp 0281,Vulnerable,3,66.62,199.86,0.401
Cactaceae,Selenicereus,Selenicereus pteranthus,spp 0282,Data Deficient,3,71.46,214.38,0.43
Cactaceae,Selenicereus,Selenicereus purpusii,spp 0283,Least Concern,1,71.46,71.46,0.143
Cactaceae,Selenicereus,Selenicereus spinulosus,spp 0284,Least Concern,1,12.57,12.57,0.025
Cactaceae,Selenicereus,Selenicereus triangularis,spp 0285,,3,13.44,40.32,0.081
Cactaceae,Selenicereus,Selenicereus undatus,spp 0286,,3,34.45,103.35,0.207
Cactaceae,Selenicereus,Selenicereus vagans,spp 0287,Least Concern,1,95.55,95.55,0.191
Fabaceae,Senegalia,Senegalia bahiensis,spp 1065,Least Concern,1,97.29,97.29,0.195
Fabaceae,Senegalia,Senegalia bonariensis,spp 1066,Least Concern,1,41.43,41.43,0.083
Fabaceae,Senegalia,Senegalia gaumeri,spp 1067,Least Concern,1,57.33,57.33,0.115
Fabaceae,Senegalia,Senegalia giganticarpa,spp 1068,Least Concern,1,38.13,38.13,0.076
Fabaceae,Senegalia,Senegalia gilliesii,spp 1069,Least Concern,1,12.59,12.59,0.025
Fabaceae,Senegalia,Senegalia globosa,spp 1070,,3,94.88,284.64,0.57
Fabaceae,Senegalia,Senegalia langsdorffii,spp 1071,,3,89.92,269.76,0.541
Fabaceae,Senegalia,Senegalia lasiophylla,spp 1072,Least Concern,1,95.61,95.61,0.192
Fabaceae,Senegalia,Senegalia loretensis,spp 1073,Least Concern,1,24.1,24.1,0.048
Fabaceae,Senegalia,Senegalia macilenta,spp 0441,Least Concern,1,84.13,84.13,0.169
Fabaceae,Senegalia,Senegalia martii,spp 1074,Least Concern,1,29.46,29.46,0.059
Fabaceae,Senegalia,Senegalia monacantha,spp 1075,,3,59.51,178.53,0.358
Fabaceae,Senegalia,Senegalia nitidifolia,spp 1077,,3,83.15,249.45,0.5
Fabaceae,Senegalia,Senegalia paganuccii,spp 1078,Least Concern,1,91.69,91.69,0.184
Fabaceae,Senegalia,Senegalia parviceps,spp 1079,Least Concern,1,52.36,52.36,0.105
Fabaceae,Senegalia,Senegalia piauhiensis,spp 1080,Least Concern,1,98.23,98.23,0.197
Fabaceae,Senegalia,Senegalia picachensis,spp 1081,Least Concern,1,89.07,89.07,0.178
Fabaceae,Senegalia,Senegalia polyphylla,spp 1082,Least Concern,1,28.18,28.18,0.056
Fabaceae,Senegalia,Senegalia praecox,spp 1083,Least Concern,1,28.68,28.68,0.057
Fabaceae,Senegalia,Senegalia riparia,spp 1084,Least Concern,1,38.69,38.69,0.078
Fabaceae,Senegalia,Senegalia tenuifolia,spp 1085,Least Concern,1,46.66,46.66,0.094
Fabaceae,Senna,Senna biglandularis,spp 1095,Least Concern,1,38.47,38.47,0.077
Fabaceae,Senna,Senna cana,spp 1096,Least Concern,1,65.27,65.27,0.131
Fabaceae,Senna,Senna catingae,spp 1097,,3,99.61,298.83,0.599
Fabaceae,Senna,Senna centranthera,spp 1098,Least Concern,1,65.32,65.32,0.131
Fabaceae,Senna,Senna corifolia,spp 1099,,3,19.95,59.85,0.12
Fabaceae,Senna,Senna corymbosa,spp 1100,Least Concern,1,15.67,15.67,0.031
Fabaceae,Senna,Senna fruticosa,spp 1101,Least Concern,1,46.15,46.15,0.092
Fabaceae,Senna,Senna gardneri,spp 1102,Least Concern,1,83.57,83.57,0.167
Fabaceae,Senna,Senna georgica,spp 1103,Least Concern,1,34.97,34.97,0.07
Fabaceae,Senna,Senna holwayana,spp 1104,Least Concern,1,65.29,65.29,0.131
Fabaceae,Senna,Senna incarnata,spp 1105,,3,53.69,161.07,0.323
Fabaceae,Senna,Senna macranthera,spp 1108,Least Concern,1,58.13,58.13,0.116
Fabaceae,Senna,Senna martiana,spp 1109,Least Concern,1,96.84,96.84,0.194
Fabaceae,Senna,Senna mollissima,spp 1110,Least Concern,1,85.15,85.15,0.171
Fabaceae,Senna,Senna morongii,spp 1112,,3,22.3,66.9,0.134
Fabaceae,Senna,Senna multiglandulosa,spp 1113,Least Concern,1,32.99,32.99,0.066
Fabaceae,Senna,Senna multijuga,spp 1114,Least Concern,1,12.03,12.03,0.024
Fabaceae,Senna,Senna nicaraguensis,spp 1115,Least Concern,1,76.49,76.49,0.153
Fabaceae,Senna,Senna oblongifolia,spp 1116,,3,33.2,99.6,0.2
Fabaceae,Senna,Senna oxyphylla,spp 1117,Least Concern,1,43.24,43.24,0.087
Fabaceae,Senna,Senna pallida,spp 1118,Least Concern,1,58.74,58.74,0.118
Fabaceae,Senna,Senna polyantha,spp 1122,Least Concern,1,24.3,24.3,0.049
Fabaceae,Senna,Senna quinquangulata,spp 1226,Least Concern,1,14.24,14.24,0.029
Fabaceae,Senna,Senna racemosa,spp 1123,Least Concern,1,59.62,59.62,0.119
Fabaceae,Senna,Senna reniformis,spp 1125,Least Concern,1,12.66,12.66,0.025
Fabaceae,Senna,Senna reticulata,spp 1126,Least Concern,1,12.18,12.18,0.024
Fabaceae,Senna,Senna rizzinii,spp 1127,,3,95.51,286.53,0.574
Fabaceae,Senna,Senna robiniifolia,spp 1128,Least Concern,1,58.43,58.43,0.117
Fabaceae,Senna,Senna rugosa,spp 1129,Least Concern,1,36.26,36.26,0.073
Fabaceae,Senna,Senna septemtrionalis,spp 1130,Least Concern,1,24.11,24.11,0.048
Fabaceae,Senna,Senna siamea,spp 1131,,3,19.13,57.39,0.115
Fabaceae,Senna,Senna silvestris,spp 1132,Least Concern,1,13.62,13.62,0.027
Fabaceae,Senna,Senna skinneri,spp 1133,Least Concern,1,93.42,93.42,0.187
Fabaceae,Senna,Senna spectabilis,spp 1134,Least Concern,1,35.38,35.38,0.071
Fabaceae,Senna,Senna splendida,spp 1135,,3,60.66,181.98,0.365
Fabaceae,Senna,Senna trachypus,spp 1136,Least Concern,1,83.31,83.31,0.167
Fabaceae,Senna,Senna undulata,spp 1137,Least Concern,1,14.21,14.21,0.028
Fabaceae,Senna,Senna velutina,spp 1138,,3,22.22,66.66,0.134
Fabaceae,Senna,Senna villosa,spp 1139,,3,68.9,206.7,0.414
Fabaceae,Senna,Senna wislizeni,spp 1140,Least Concern,1,22.84,22.84,0.046
Fabaceae,Sesbania,Sesbania punicea,spp 1142,Least Concern,1,29.11,29.11,0.058
Cactaceae,Stenocereus,Stenocereus alamosensis,spp 0289,Vulnerable,3,89.41,268.23,0.538
Cactaceae,Stenocereus,Stenocereus beneckei,spp 0290,Near Threatened,2,98.42,196.84,0.394
Cactaceae,Stenocereus,Stenocereus griseus,spp 0291,Least Concern,1,47.47,47.47,0.095
Cactaceae,Stenocereus,Stenocereus kerberi,spp 0294,Least Concern,1,86.27,86.27,0.173
Cactaceae,Stenocereus,Stenocereus montanus,spp 0295,Least Concern,1,83.83,83.83,0.168
Cactaceae,Stenocereus,Stenocereus pruinosus,spp 0296,Least Concern,1,65.85,65.85,0.132
Cactaceae,Stenocereus,Stenocereus queretaroensis,spp 0297,Least Concern,1,28.8,28.8,0.058
Cactaceae,Stenocereus,Stenocereus standleyi,spp 0298,Least Concern,1,88.09,88.09,0.177
Cactaceae,Stenocereus,Stenocereus stellatus,spp 0299,Least Concern,1,73.76,73.76,0.148
Cactaceae,Stenocereus,Stenocereus thurberi,spp 0300,Vulnerable,3,41.78,125.34,0.251
Cactaceae,Stenocereus,Stenocereus treleasei,spp 0301,Least Concern,1,71.83,71.83,0.144
Malvaceae,Sterculia,Sterculia apetala,spp 0410,Least Concern,1,10.5,10.5,0.021
Malvaceae,Sterculia,Sterculia striata,spp 0414,Least Concern,1,30.2,30.2,0.061
Cactaceae,Stetsonia,Stetsonia coryne,spp 0302,Least Concern,1,10.32,10.32,0.021
Fabaceae,Stryphnodendron,Stryphnodendron adstringens,spp 1144,Least Concern,1,25.19,25.19,0.05
Fabaceae,Stryphnodendron,Stryphnodendron polyphyllum,spp 1147,Least Concern,1,12.63,12.63,0.025
Fabaceae,Stryphnodendron,Stryphnodendron pulcherrimum,spp 1148,Least Concern,1,10.48,10.48,0.021
Fabaceae,Stryphnodendron,Stryphnodendron rotundifolium,spp 1149,Least Concern,1,30.97,30.97,0.062
Fabaceae,Swartzia,Swartzia acutifolia,spp 1151,Least Concern,1,94.7,94.7,0.19
Fabaceae,Swartzia,Swartzia apetala,spp 1152,Least Concern,1,48.21,48.21,0.097
Fabaceae,Swartzia,Swartzia bahiensis,spp 1155,Vulnerable,3,73.7,221.1,0.443
Fabaceae,Swartzia,Swartzia flaemingii,spp 1157,,3,30.46,91.38,0.183
Fabaceae,Swartzia,Swartzia haughtii,spp 1158,Least Concern,1,17.23,17.23,0.035
Fabaceae,Swartzia,Swartzia jorori,spp 1159,Least Concern,1,13.95,13.95,0.028
Fabaceae,Swartzia,Swartzia littlei,spp 1161,Endangered,4,42.8,171.2,0.343
Fabaceae,Swartzia,Swartzia macrophylla,spp 1162,Least Concern,1,12.07,12.07,0.024
Fabaceae,Swartzia,Swartzia macrostachya,spp 1163,Least Concern,1,51.91,51.91,0.104
Fabaceae,Swartzia,Swartzia multijuga,spp 1165,Near Threatened,2,18.5,37,0.074
Fabaceae,Swartzia,Swartzia myrtifolia,spp 1167,Least Concern,1,12.53,12.53,0.025
Fabaceae,Swartzia,Swartzia oblata,spp 1168,Least Concern,1,20.68,20.68,0.041
Fabaceae,Swartzia,Swartzia parvipetala,spp 1169,Least Concern,1,12.55,12.55,0.025
Fabaceae,Swartzia,Swartzia psilonema,spp 1171,Least Concern,1,69.52,69.52,0.139
Fabaceae,Swartzia,Swartzia robiniifolia,spp 1172,Least Concern,1,34.15,34.15,0.068
Fabaceae,Swartzia,Swartzia simplex,spp 1173,Least Concern,1,16.84,16.84,0.034
Fabaceae,Sweetia,Sweetia fruticosa,spp 1176,Endangered,4,45.55,182.2,0.365
Fabaceae,Tachigali,Tachigali aurea,spp 1177,Least Concern,1,26.64,26.64,0.053
Fabaceae,Tachigali,Tachigali densiflora,spp 1179,Near Threatened,2,32.01,64.02,0.128
Fabaceae,Tachigali,Tachigali paratyensis,spp 1182,Least Concern,1,10.26,10.26,0.021
Fabaceae,Tachigali,Tachigali peruviana,spp 1183,,3,22.29,66.87,0.134
Fabaceae,Tachigali,Tachigali rubiginosa,spp 1184,Least Concern,1,13.21,13.21,0.026
Fabaceae,Tachigali,Tachigali rugosa,spp 1185,Near Threatened,2,23.78,47.56,0.095
Fabaceae,Tachigali,Tachigali subvelutina,spp 1186,Least Concern,1,30.13,30.13,0.06
Fabaceae,Tachigali,Tachigali vulgaris,spp 1187,Least Concern,1,16.82,16.82,0.034
Cactaceae,Tacinga,Tacinga palmadora,spp 0303,Least Concern,1,99.8,99.8,0.2
Fabaceae,Tara,Tara spinosa,spp 1188,Least Concern,1,31.56,31.56,0.063
Malvaceae,Thespesia,Thespesia populnea,spp 0423,Least Concern,1,48.37,48.37,0.097
Fabaceae,Tipuana,Tipuana tipu,spp 1189,Least Concern,1,30.57,30.57,0.061
Fabaceae,Trischidium,Trischidium decipiens,spp 1190,Least Concern,1,69.69,69.69,0.14
Fabaceae,Trischidium,Trischidium molle,spp 1191,Least Concern,1,80.93,80.93,0.162
Malvaceae,Triumfetta,Triumfetta abutiloides,spp 0425,Least Concern,1,34.99,34.99,0.07
Fabaceae,Uribea,Uribea tamarindoides,spp 1192,Near Threatened,2,48.95,97.9,0.196
Fabaceae,Vachellia,Vachellia albicorticata,spp 1193,Least Concern,1,45.28,45.28,0.091
Fabaceae,Vachellia,Vachellia aroma,spp 1194,Least Concern,1,25.77,25.77,0.052
Fabaceae,Vachellia,Vachellia brandegeeana,spp 1195,Least Concern,1,72.16,72.16,0.145
Fabaceae,Vachellia,Vachellia campechiana,spp 1196,Least Concern,1,67.17,67.17,0.135
Fabaceae,Vachellia,Vachellia caven,spp 1197,Least Concern,1,16.17,16.17,0.032
Fabaceae,Vachellia,Vachellia collinsii,spp 1198,Least Concern,1,71.52,71.52,0.143
Fabaceae,Vachellia,Vachellia cornigera,spp 1199,Least Concern,1,47.41,47.41,0.095
Fabaceae,Vachellia,Vachellia hindsii,spp 1201,Least Concern,1,84.09,84.09,0.169
Fabaceae,Vachellia,Vachellia macracantha,spp 1202,Least Concern,1,56.32,56.32,0.113
Fabaceae,Vachellia,Vachellia pennatula,spp 1203,Near Threatened,2,50.17,100.34,0.201
Fabaceae,Vachellia,Vachellia pringlei,spp 1204,Least Concern,1,54.92,54.92,0.11
Fabaceae,Vachellia,Vachellia sphaerocephala,spp 1206,Least Concern,1,40.36,40.36,0.081
Fabaceae,Vachellia,Vachellia tortuosa,spp 1207,Least Concern,1,68.59,68.59,0.137
Fabaceae,Vatairea,Vatairea macrocarpa,spp 1209,Least Concern,1,21.71,21.71,0.044
Zygophyllaceae,Viscainoa,Viscainoa geniculata,spp 0033,Least Concern,1,38.57,38.57,0.077
Malvaceae,Waltheria,Waltheria ferruginea,spp 0426,,3,90.99,272.97,0.547
Malvaceae,Waltheria,Waltheria ovata,spp 0427,Near Threatened,2,46.17,92.34,0.185
Cactaceae,Weberocereus,Weberocereus bradei,spp 0306,Vulnerable,3,37.1,111.3,0.223
Cactaceae,Xiquexique,Xiquexique gounellei,spp 0267,,3,99.4,298.2,0.598
Cactaceae,Xiquexique,Xiquexique tuberculatus,spp 0274,Least Concern,1,100,100,0.2
Fabaceae,Zapoteca,Zapoteca alinae,spp 1210,Least Concern,1,64.09,64.09,0.128
Fabaceae,Zapoteca,Zapoteca caracasana,spp 1211,,3,41.58,124.74,0.25
Fabaceae,Zapoteca,Zapoteca formosa,spp 1212,Least Concern,1,46.26,46.26,0.093
Fabaceae,Zapoteca,Zapoteca lambertiana,spp 1213,,3,39.95,119.85,0.24
Fabaceae,Zapoteca,Zapoteca portoricensis,spp 1214,Least Concern,1,25.28,25.28,0.051
Fabaceae,Zapoteca,Zapoteca tetragona,spp 1215,Near Threatened,2,39.4,78.8,0.158
Fabaceae,Zollernia,Zollernia glabra,spp 1216,Least Concern,1,19.78,19.78,0.04
Fabaceae,Zollernia,Zollernia ilicifolia,spp 1217,Least Concern,1,41.99,41.99,0.084
Zygophyllaceae,Zygophyllum,Zygophyllum californicum,spp 0007,,3,68.97,206.91,0.415
Zygophyllaceae,Zygophyllum,Zygophyllum laeve ,spp 0009,,3,69.91,209.73,0.42
